,Country of Origin,Farm Name,Lot Number,Mill,ICO Number,Company,Altitude,Region,Producer,Number of Bags,Bag Weight,In-Country Partner,Harvest Year,Grading Date,Owner,Variety,Status,Processing Method,Aroma,Flavor,Aftertaste,Acidity,Body,Balance,Uniformity,Clean Cup,Sweetness,Overall,Defects,Total Cup Points,Moisture,Category One Defects,Quakers,Color,Category Two Defects,NA,Expiration,Certification Body,Certification Address,Certification Contact
0,Taiwan,嵩岳咖啡莊園,202004,嵩岳咖啡莊園,,TCL 台灣咖啡研究室,1200,雲林-石壁,郭亮志,3,60 kg,NKG Quality Service (a division of Bernhard Rothfos Intercafé AG),2020,"September 1st, 2020",郭亮志 GuoLiangZhi,Gesha,Completed,Natural / Dry,8.58,8.67,8.17,8.25,8.5,8.58,10.0,10.0,10.0,8.5,0.0,89.25,11 %,0 full defects,0,None,0 full defects,,"September 1st, 2021",NKG Quality Service (a division of Bernhard Rothfos Intercafé AG),"Bahnhofstrasse 22 6300 Zug, Switzerland",Gloria Pedroza - +41417287296
0,Kenya,,1542247,Tylor Winch,037-1673-5107,Nestle Nespresso SA,1650,,Tylor Winch Volcafe,320,69 kg,NKG Quality Service (a division of Bernhard Rothfos Intercafé AG),2019,"October 30th, 2020",Alexis Rodriguez,SL28,Completed,Washed / Wet,8.33,8.5,8.25,8.67,8.42,8.42,10.0,10.0,10.0,8.58,0.0,89.17,11 %,0 full defects,0,Green,1 full defects,,"October 30th, 2021",NKG Quality Service (a division of Bernhard Rothfos Intercafé AG),"Bahnhofstrasse 22 6300 Zug, Switzerland",Gloria Pedroza - +41417287296
0,Colombia,Droptop partner,Droptop Specialty Coffee Blend,,,Cafe Droptop,1800,colombia,Droptop partner,159,60 kg,Specialty Coffee Institute of Asia,2021,"May 26th, 2021",Cafe Droptop,Typica,Completed,Washed / Wet,8.17,8.33,8.25,8.25,8.17,8.17,10.0,10.0,10.0,8.83,0.0,88.17,11 %,0 full defects,0,Green,0 full defects,,"May 26th, 2022",Specialty Coffee Institute of Asia,"148 ULGIRO, #1309,","Sung-Yong Steven Kil - 82-10-7912-1456-English, 82-2269-1456-Korean"
0,Ethiopia,Honey Drip,1,non,,宸嶧國際有限公司,2219,Ethiopia,Honey Dip,37,20 kg,Japan Coffee Exchange,2020,"July 14th, 2020",Blossom Valley International,Ethiopian Heirlooms,Completed,Other,8.25,8.25,7.92,8.42,7.92,8.08,10.0,10.0,10.0,8.33,0.0,87.17,11 %,0 full defects,3,Green,4 full defects,,"July 14th, 2021",Japan Coffee Exchange,"〒413-0002 静岡県熱海市伊豆山１１７３−５８ 1173-58 Izusan, Atami, Shizuoka, 413-0002 JAPAN",松澤　宏樹　Koju Matsuzawa - +81(0)9085642901
0,Colombia,Granja el Sauce,001 Tostado SW,Dry Mill/ Honey Process,,Tostado SW Limited,1650,Santander Colombia,Alvaro Edgar Ramirez Jauregui,1,20 kg,NKG Quality Service (a division of Bernhard Rothfos Intercafé AG),2019,"September 4th, 2020",Fernando,Other,Completed,Pulped natural / honey,8.33,8.08,7.75,8.33,8.17,8.17,10.0,10.0,10.0,8.25,0.0,87.08,11 %,0 full defects,0,None,0 full defects,,"September 4th, 2021",NKG Quality Service (a division of Bernhard Rothfos Intercafé AG),"Bahnhofstrasse 22 6300 Zug, Switzerland",Gloria Pedroza - +41417287296
0,Ethiopia,Kata Muduga,1,Kata Muduga Farmers,,Haia GmbH,15002100,Limu,Kata Muduga Farmers Union,100,60 kg,NKG Quality Service (a division of Bernhard Rothfos Intercafé AG),2020,"September 1st, 2020",Dr. Marcel Lorenz,Other,Completed,Washed / Wet,8.0,8.33,8.17,8.0,8.0,8.17,10.0,10.0,10.0,8.25,0.0,86.92,11 %,0 full defects,0,Green,0 full defects,,"September 1st, 2021",NKG Quality Service (a division of Bernhard Rothfos Intercafé AG),"Bahnhofstrasse 22 6300 Zug, Switzerland",Gloria Pedroza - +41417287296
0,Taiwan,Zhou Wu Mountain,1,Zhou Wu Mountain,,宸嶧國際有限公司,1200,Zhou Wu Mountain,Zhou Wu Mountain,100,1 kg,Japan Coffee Exchange,2020,"January 29th, 2021",Hsu Ting Yey許定燁,Gesha,Completed,Natural / Dry,8.25,8.25,7.92,8.33,7.92,8.0,10.0,10.0,10.0,8.17,0.0,86.83,11.5 %,0 full defects,1,greenish,0 full defects,,"January 29th, 2022",Japan Coffee Exchange,"〒413-0002 静岡県熱海市伊豆山１１７３−５８ 1173-58 Izusan, Atami, Shizuoka, 413-0002 JAPAN",松澤　宏樹　Koju Matsuzawa - +81(0)9085642901
0,Ethiopia,non,1,non,E0205,宸嶧國際有限公司,2100,Ethiopia Sidamo Guji Uraga Adola,non,200,30 kg,Japan Coffee Exchange,2020,"July 14th, 2020",Blossom Valley International,Other,Completed,Washed / Wet,8.25,8.17,7.92,8.17,7.83,8.0,10.0,10.0,10.0,8.25,0.0,86.58,12 %,0 full defects,1,Green,3 full defects,,"July 14th, 2021",Japan Coffee Exchange,"〒413-0002 静岡県熱海市伊豆山１１７３−５８ 1173-58 Izusan, Atami, Shizuoka, 413-0002 JAPAN",松澤　宏樹　Koju Matsuzawa - +81(0)9085642901
0,Ethiopia,non,1,non,E0205,宸嶧國際有限公司,2100,Ethiopia Sidamo Guji Uraga Adola,non,200,30 kg,Japan Coffee Exchange,2020,"July 14th, 2020",Blossom Valley International,Other,Completed,Washed / Wet,8.25,8.17,7.92,8.17,7.83,8.0,10.0,10.0,10.0,8.25,0.0,86.58,12 %,0 full defects,1,Green,3 full defects,,"July 14th, 2021",Japan Coffee Exchange,"〒413-0002 静岡県熱海市伊豆山１１７３−５８ 1173-58 Izusan, Atami, Shizuoka, 413-0002 JAPAN",松澤　宏樹　Koju Matsuzawa - +81(0)9085642901
0,Ethiopia,Firemariyam Hambela Wamena Deri,10.6,Firemariyam Dry Mill site,010/0218/0090,TADESSE DESTA IMPORT & EXPORT,2200,South,Firemariyam Dinku,320,60 kg,METAD Agricultural Development plc,2020,"March 18th, 2021",Tadessa Desta Amene,Ethiopian Heirlooms,Completed,Natural / Dry,8.0,8.08,8.0,8.08,8.08,8.08,10.0,10.0,10.0,8.08,0.0,86.42,10 %,0 full defects,6,Yellow Green,5 full defects,,"March 18th, 2022",METAD Agricultural Development plc,"BAWA Center, 3rd Floor (Gerji), Addis Ababa, Ethiopia","Aman Adinew (Emebet Dinku) - +251-116-292534, +251-911-519196"
0,Ethiopia,local farm,14,Hulling,010/0240/0002,Al-Impex Business plc,2000,Dila,Alemayehue Gume,300,60 kg,METAD Agricultural Development plc,2019,"June 29th, 2020",Al-impex Business plc,Ethiopian Yirgacheffe,Completed,Washed / Wet,8.0,8.0,8.0,8.08,8.0,8.0,10.0,10.0,10.0,8.17,0.0,86.25,10 %,0 full defects,0,Blue-Green,0 full defects,,"June 29th, 2021",METAD Agricultural Development plc,"BAWA Center, 3rd Floor (Gerji), Addis Ababa, Ethiopia","Aman Adinew (Emebet Dinku) - +251-116-292534, +251-911-519196"
0,Ethiopia,SOLOMON WORKU,8.33,SOLOMON WORKU COFFEE PROCESSING,010/0115/0037,SMS PLC,1950,ADDIS ABABA,SOLOMON WORKU COFFEE PROCESSING,250,60 kg,METAD Agricultural Development plc,2021,"March 18th, 2021",SOLOMON WORKU,Ethiopian Yirgacheffe,Completed,Washed / Wet,8.0,8.08,8.0,8.17,7.92,8.0,10.0,10.0,10.0,8.08,0.0,86.25,10.5 %,0 full defects,6,Blue-Green,1 full defects,,"March 18th, 2022",METAD Agricultural Development plc,"BAWA Center, 3rd Floor (Gerji), Addis Ababa, Ethiopia","Aman Adinew (Emebet Dinku) - +251-116-292534, +251-911-519196"
0,Kenya,VARIOUS FARMS,412410049,CKCM MILL,37/3075/10049,C. Dorman limited,1276,KENYA,VARIOUS COOPERATIVES,150,60 kg,Kenya Coffee Traders Association,2020,"January 13th, 2021",Lydiah Mwangi,SL28,Completed,Washed / Wet,8.25,8.0,8.0,7.92,8.0,8.17,10.0,10.0,10.0,7.83,0.0,86.17,11.5 %,0 full defects,0,Green,5 full defects,,"January 13th, 2022",Kenya Coffee Traders Association,"P.O. Box 646 00100Nairobi, Kenya",Benson Kibicho Kamau - +254 786 821 621
0,Taiwan,Zou Zhou Yuan,1,Zou Zhou Yuan,,宸嶧國際有限公司,1300,Taiwn Zou Zhou Yuan,Zou Zhou Yuan,100,1 kg,Japan Coffee Exchange,2020,"January 29th, 2021","Fang, Cheng Lun 方政倫",Gesha,Completed,Natural / Dry,8.17,8.0,7.83,8.0,7.83,8.08,10.0,10.0,10.0,8.17,0.0,86.08,11.5 %,0 full defects,0,Green,0 full defects,,"January 29th, 2022",Japan Coffee Exchange,"〒413-0002 静岡県熱海市伊豆山１１７３−５８ 1173-58 Izusan, Atami, Shizuoka, 413-0002 JAPAN",松澤　宏樹　Koju Matsuzawa - +81(0)9085642901
0,Ethiopia,Mitiku AlemayehuTebe Harowachu site,20,Dry Mill,010/0218,TADESSE DESTA IMPORT & EXPORT,2229,Oromiya,Mitiku Alemayehu,6400,60 kg,METAD Agricultural Development plc,2021,"May 7th, 2021",Tadessa Desta Amene,Ethiopian Heirlooms,Completed,Natural / Dry,8.0,8.0,7.92,8.17,8.0,8.0,10.0,10.0,10.0,8.0,0.0,86.08,8.6 %,0 full defects,1,Yellow Green,0 full defects,,"May 7th, 2022",METAD Agricultural Development plc,"BAWA Center, 3rd Floor (Gerji), Addis Ababa, Ethiopia","Aman Adinew (Emebet Dinku) - +251-116-292534, +251-911-519196"
0,Vietnam,APOLLO Estate,Apollo Washed 2020,Dry Mill,,"Sunvirtue Co., Ltd.",1040,Dalat,"Yeh, Li Chuan",1,2 kg,Specialty Coffee Association,2020,"March 19th, 2021","Sunvirtue Co., Ltd.",Catimor,Completed,Washed / Wet,7.92,8.08,7.75,7.83,8.08,8.0,10.0,10.0,10.0,8.17,0.0,85.83,13.3 %,0 full defects,0,Bluish-Green,1 full defects,,"March 19th, 2022",Specialty Coffee Association,"117 W 4th St, Suite 300 Santa Ana, CA 92701",Jessica Rodriguez - 562-999-3164
0,Taiwan,嵩岳咖啡莊園,202002,嵩岳咖啡莊園,,TCL 台灣咖啡研究室,1200,雲林-石壁,郭志豪,4,50 kg,NKG Quality Service (a division of Bernhard Rothfos Intercafé AG),2019,"September 1st, 2020",Jim郭志豪,Gesha,Completed,Natural / Dry,7.83,8.17,7.92,7.83,7.92,8.0,10.0,10.0,10.0,8.08,0.0,85.75,10 %,0 full defects,0,None,0 full defects,,"September 1st, 2021",NKG Quality Service (a division of Bernhard Rothfos Intercafé AG),"Bahnhofstrasse 22 6300 Zug, Switzerland",Gloria Pedroza - +41417287296
0,Ethiopia,Local Farmer,14,Hulling,010/0240/0002,Al-Impex Business plc,1994,Dila,Alemayehue Mesfin,300,60 kg,METAD Agricultural Development plc,2019,"June 13th, 2020",Al-impex Business plc,Ethiopian Yirgacheffe,Completed,Washed / Wet,8.0,8.0,7.83,8.0,8.0,8.0,10.0,10.0,10.0,7.83,0.0,85.67,10 %,0 full defects,0,Green,7 full defects,,"June 13th, 2021",METAD Agricultural Development plc,"BAWA Center, 3rd Floor (Gerji), Addis Ababa, Ethiopia","Aman Adinew (Emebet Dinku) - +251-116-292534, +251-911-519196"
0,Ethiopia,none,1,non,E0062,宸嶧國際有限公司,1800,Ethiopia Yirgacheffe,none,35,30 kg,Japan Coffee Exchange,2020,"July 14th, 2020",Blossom Valley International,Ethiopian Heirlooms,Completed,Washed / Wet,8.17,8.0,7.67,8.0,7.75,7.83,10.0,10.0,10.0,8.0,0.0,85.42,11 %,0 full defects,0,Green,2 full defects,,"July 14th, 2021",Japan Coffee Exchange,"〒413-0002 静岡県熱海市伊豆山１１７３−５８ 1173-58 Izusan, Atami, Shizuoka, 413-0002 JAPAN",松澤　宏樹　Koju Matsuzawa - +81(0)9085642901
0,"Tanzania, United Republic Of",HEZYA,SC5894,MBOZI COFFEE CURING,,VOLCAFE/TaylorWinch Tanzania Ltd,1420,MBEYA,HEZYA,250,60 kg,Kenya Coffee Traders Association,2020,"December 9th, 2020",Balam Hinyula,Bourbon,Completed,Washed / Wet,7.92,7.75,7.83,7.83,8.0,7.83,10.0,10.0,10.0,7.92,0.0,85.08,13.5 %,0 full defects,0,Green,0 full defects,,"December 9th, 2021",Kenya Coffee Traders Association,"P.O. Box 646 00100Nairobi, Kenya",Benson Kibicho Kamau - +254 786 821 621
0,Ethiopia,SOLOMON WORKU,8.33,SOLOMON WORKU COFFEE PROCESSING,010/0115/0038,SMS PLC,1950,ADDIS ABABA,SOLOMON WORKU COFFEE PROCESSING,250,60 kg,METAD Agricultural Development plc,2020,"May 28th, 2021",SOLOMON WORKU,Ethiopian Yirgacheffe,Completed,Washed / Wet,7.92,7.75,7.75,8.0,8.0,7.75,10.0,10.0,10.0,7.92,0.0,85.08,9.7 %,0 full defects,4,Green,1 full defects,,"May 28th, 2022",METAD Agricultural Development plc,"BAWA Center, 3rd Floor (Gerji), Addis Ababa, Ethiopia","Aman Adinew (Emebet Dinku) - +251-116-292534, +251-911-519196"
0,Kenya,NON,1,RUCHU COFFEE FACTORY,KY1268,宸嶧國際有限公司,1700,kenya Muranga,non,260,30 kg,Japan Coffee Exchange,2019,"July 14th, 2020",Blossom Valley International,SL28,Completed,Washed / Wet,7.92,7.92,7.75,7.75,7.75,7.75,10.0,10.0,10.0,8.0,0.0,84.83,11 %,0 full defects,0,Green,2 full defects,,"July 14th, 2021",Japan Coffee Exchange,"〒413-0002 静岡県熱海市伊豆山１１７３−５８ 1173-58 Izusan, Atami, Shizuoka, 413-0002 JAPAN",松澤　宏樹　Koju Matsuzawa - +81(0)9085642901
0,Guatemala,SAN RAFAEL URIAS,11/54876/01,"SU BENEFICIO, S. A.",11/54876/01,"VALBROS, S. A.",5650,ANTIGUA GUATEMALA,"VALDROS, S. A.",50,69 kg,Asociacion Nacional Del Café,2021,"May 28th, 2021",Angelica Paola Citan Lopez,Bourbon,Completed,Washed / Wet,7.67,8.08,7.75,7.75,7.83,7.83,10.0,10.0,10.0,7.83,0.0,84.75,10.9 %,0 full defects,3,Green,3 full defects,,"May 28th, 2022",Asociacion Nacional Del Café,"5a Calle 0-50, Zona 14 Guatemala City, Guatemala 1014",Brayan Cifuentes -
0,Colombia,Sucafina Colombia SAS,3-0960-01793,Sucafina Colombia SAS,3-0960-01793,Sucafina Colombia SAS,1300,Huila,Sucafina Colombia SAS,275,70 kg,ASOCIACIÓN COLOMBIANA PARA LA EXCELENCIA DEL CAFE,2020,"September 8th, 2020",Sucafina Colombia SAS,Caturra,Completed,Washed / Wet,7.92,7.75,7.67,8.0,7.83,7.83,10.0,10.0,10.0,7.75,0.0,84.75,11 %,0 full defects,2,Green,1 full defects,,"September 8th, 2021",ASOCIACIÓN COLOMBIANA PARA LA EXCELENCIA DEL CAFE,calle 70a #7-82 of. 602,Gabriela Salcedo - 3186238650
0,Nicaragua,Aldea Global,P48161,Aldea Coffee,017/191/1841,Asociación Aldea Global Jinotega,1100,Matagalpa,Aldea Global,275,69 kg,Asociación de Cafés Especiales de Nicaragua,2019,"September 9th, 2020",Asociación Aldea Global Jinotega,SHG,Completed,Washed / Wet,7.83,7.67,7.58,7.83,8.0,7.83,10.0,10.0,10.0,7.92,0.0,84.67,0 %,0 full defects,0,Green,1 full defects,,"September 9th, 2021",Asociación de Cafés Especiales de Nicaragua,"Del Hotel Seminole 2 C al lago, 1 C arriba.",Maria Ines Benavidez Toval - 011-(505)-8396 4717
0,Colombia,Los Guacharos various,3-0960-01516,Trilladora BBI,3-0960-01516,Sucafina Colombia SAS,1400+,Huila,Los Guacharos,160,70 kg,ASOCIACIÓN COLOMBIANA PARA LA EXCELENCIA DEL CAFE,2021,"March 4th, 2021",Sucafina Colombia SAS,Other,Completed,Washed / Wet,7.92,7.83,7.67,8.0,7.83,7.67,10.0,10.0,10.0,7.67,0.0,84.58,11.8 %,0 full defects,0,Bluish-Green,1 full defects,,"March 4th, 2022",ASOCIACIÓN COLOMBIANA PARA LA EXCELENCIA DEL CAFE,calle 70a #7-82 of. 602,Gabriela Salcedo - 3186238650
0,Kenya,Various,37/1673/5093,Various,37/1673/5093,"NIPPON COFFEE TRADING CO.,LTD.",1450,Various,Various,238,60 kg,Japan Coffee Exchange,2020,"February 18th, 2021",Yukinobu Ueda,SL28,Completed,Washed / Wet,7.92,7.75,7.75,7.75,7.58,7.83,10.0,10.0,10.0,7.75,0.0,84.33,11.5 %,0 full defects,0,greenish,3 full defects,,"February 18th, 2022",Japan Coffee Exchange,"〒413-0002 静岡県熱海市伊豆山１１７３−５８ 1173-58 Izusan, Atami, Shizuoka, 413-0002 JAPAN",松澤　宏樹　Koju Matsuzawa - +81(0)9085642901
0,Nicaragua,,1573236,CISA / MERCON,017-001-0487,Nestle Nespresso SA,1600,Matagalpa,CISA-MERCON,320,69 kg,NKG Quality Service (a division of Bernhard Rothfos Intercafé AG),2019,"November 3rd, 2020",Alexis Rodriguez,Pacamara,Completed,Washed / Wet,8.0,7.83,7.75,7.75,7.67,7.58,10.0,10.0,10.0,7.67,0.0,84.25,11 %,0 full defects,1,Greenish,4 full defects,,"November 3rd, 2021",NKG Quality Service (a division of Bernhard Rothfos Intercafé AG),"Bahnhofstrasse 22 6300 Zug, Switzerland",Gloria Pedroza - +41417287296
0,"Tanzania, United Republic Of",Finagro Plantations Ltd,K28715,Arusha Coffee Mill Ltd,,Coffee Exporters Ltd,1750,"Oldeani, Ngorongoro",Finagro Plantations ltd,300,60 kg,Kenya Coffee Traders Association,2020 / 2021,"November 18th, 2020",kavita vohora,Orange Bourbon,Completed,Washed / Wet,7.75,7.75,7.75,7.83,7.83,7.58,10.0,10.0,10.0,7.75,0.0,84.25,11.5 %,0 full defects,0,Green,6 full defects,,"November 18th, 2021",Kenya Coffee Traders Association,"P.O. Box 646 00100Nairobi, Kenya",Benson Kibicho Kamau - +254 786 821 621
0,Brazil,CACHOEIRA DA GRAMA,43106720 - K28761,Hulling Facility,002/4542/0108,BOURBON SPECIALTY COFFEES,1100,SUL DE MINAS,GABRIEL DE CARVALHO DIAS,300,59 kg,Brazil Specialty Coffee Association,2020 / 2021,"December 18th, 2020",Bourbon Specialty Coffees SA,Yellow Bourbon,Completed,Pulped natural / honey,7.75,7.83,7.58,7.75,7.75,7.75,10.0,10.0,10.0,7.83,0.0,84.25,11.5 %,0 full defects,1,Green,4 full defects,,"December 18th, 2021",Brazil Specialty Coffee Association,"Rua Gaspar Batista Paiva, 416 – Santa Luiza Varginha/MG – Brazil",Chris Allen - 55 35 3212-4705
0,Guatemala,VARIAS FINCAS,11/15/115,VARIOS BENEFICIOS,11/15/115,"PETER SCHOENFELD, S. A.",1600,HUEHUETENANGO,VARIOS PRODUCTORES,250,69 kg,Asociacion Nacional Del Café,2021,"May 27th, 2021",Angelica Paola Citan Lopez,Caturra,Completed,Washed / Wet,7.67,7.92,7.67,7.67,7.75,7.67,10.0,10.0,10.0,7.83,0.0,84.17,10.6 %,0 full defects,2,Green,2 full defects,,"May 27th, 2022",Asociacion Nacional Del Café,"5a Calle 0-50, Zona 14 Guatemala City, Guatemala 1014",Brayan Cifuentes -
0,Colombia,EL PRADO,3-59-03034,NEIVA,3-59-03034,carcafe ltda,442,HUILA,FRANKLIN DUSSAN,150,70 kg,ASOCIACIÓN COLOMBIANA PARA LA EXCELENCIA DEL CAFE,2020,"August 27th, 2020",rodrigo amaya,Caturra,Completed,Washed / Wet,7.83,7.75,7.58,7.58,7.92,7.75,10.0,10.0,10.0,7.75,0.0,84.17,11 %,0 full defects,0,Green,3 full defects,,"August 27th, 2021",ASOCIACIÓN COLOMBIANA PARA LA EXCELENCIA DEL CAFE,calle 70a #7-82 of. 602,Gabriela Salcedo - 3186238650
0,Brazil,Fazenda Cachoeira,S012895-1,DRY MILL,002/1145/0784,Olam Agricola,1150,Cerrado,Danilo Barbosa,1280,76800 kg,Brazil Specialty Coffee Association,2020,"January 20th, 2021",Welson de Lacerda Barbosa,Catuai,Completed,Natural / Dry,7.75,7.75,7.58,7.75,7.92,7.67,10.0,10.0,10.0,7.67,0.0,84.08,11.5 %,0 full defects,1,Green,5 full defects,,"January 20th, 2022",Brazil Specialty Coffee Association,"Rua Gaspar Batista Paiva, 416 – Santa Luiza Varginha/MG – Brazil",Chris Allen - 55 35 3212-4705
0,Honduras,Las Cuchillas,131,Dry Mill,13-111-092,Mercon Honduras,1450,COMAYAGUA,Nahun Maldonadp,200,69 kg,Instituto Hondureño del Café,2021,"April 24th, 2021",Juan Manuel Sanchez Silvestre,Caturra,Completed,Washed / Wet,7.92,7.83,7.58,7.75,7.67,7.67,10.0,10.0,10.0,7.67,0.0,84.08,11 %,0 full defects,0,Green,1 full defects,,"April 24th, 2022",Instituto Hondureño del Café,"Laboratorio de Control de Calidad de Café ( CNCC), 33 Calle, 1-2 Avenida, Sector El Cacao. San Pedro Sula, Cortes",Ramon Reyes - + 504 9693-9042
0,Guatemala,VARIAS FINCAS,11/15/135,LINEA GOURMET,11/15/135,"PETER SCHOENFELD, S. A.",1600,SIERRA DE LAS MINAS,VARIOS PRODUCTORES,250,69 kg,Asociacion Nacional Del Café,2020,"May 27th, 2021",Angelica Paola Citan Lopez,Caturra,Completed,Washed / Wet,7.58,7.92,7.67,7.75,7.83,7.58,10.0,10.0,10.0,7.75,0.0,84.08,10.6 %,0 full defects,2,Green,3 full defects,,"May 27th, 2022",Asociacion Nacional Del Café,"5a Calle 0-50, Zona 14 Guatemala City, Guatemala 1014",Brayan Cifuentes -
0,Burundi,GISHA,1150,BUDECA,27/01,BUGESTAL,1666,Ngozi,BUGESTAL,320,60 kg,Kenya Coffee Traders Association,2020,"August 18th, 2020",BUGESTAL SPRL,Bourbon,Completed,Washed / Wet,7.58,7.75,7.75,7.67,7.83,7.75,10.0,10.0,10.0,7.75,0.0,84.08,10 %,0 full defects,0,Green,1 full defects,,"August 18th, 2021",Kenya Coffee Traders Association,"P.O. Box 646 00100Nairobi, Kenya",Benson Kibicho Kamau - +254 786 821 621
0,Guatemala,,1567454,Beneficio Central - EFICO,011-030-575,Nestle Nespresso SA,1600,Fraijanes,,275,69 kg,NKG Quality Service (a division of Bernhard Rothfos Intercafé AG),2019,"November 4th, 2020",Alexis Rodriguez,Other,Completed,Washed / Wet,8.08,7.83,7.67,7.67,7.42,7.67,10.0,10.0,10.0,7.67,0.0,84.0,11 %,1 full defects,2,Greenish,4 full defects,,"November 4th, 2021",NKG Quality Service (a division of Bernhard Rothfos Intercafé AG),"Bahnhofstrasse 22 6300 Zug, Switzerland",Gloria Pedroza - +41417287296
0,Colombia,,3-01-10540,Almacafé Manizales - Trilladora Estación Uribe,3-01-10540,Federación Nacional de Cafeteros,1750,Caldas,FNC - Several coffee growers,275,19250 kg,ASOCIACIÓN COLOMBIANA PARA LA EXCELENCIA DEL CAFE,2020 / 2021,"November 30th, 2020",Federación Nacional de Cafeteros - Logística Comercial,Other,Completed,Washed / Wet,7.83,7.83,7.58,7.83,7.67,7.67,10.0,10.0,10.0,7.58,0.0,84.0,11.5 %,1 full defects,2,Green,4 full defects,,"November 30th, 2021",ASOCIACIÓN COLOMBIANA PARA LA EXCELENCIA DEL CAFE,calle 70a #7-82 of. 602,Gabriela Salcedo - 3186238650
0,Colombia,EL PRADO,3-59-1485,NEIVA,3-59-1485,carcafe ltda,442,HUILA,FRANKLIN DUSSAN,100,29 kg,ASOCIACIÓN COLOMBIANA PARA LA EXCELENCIA DEL CAFE,2021,"February 1st, 2021",rodrigo amaya,Caturra,Completed,Washed / Wet,7.92,7.83,7.5,7.83,7.67,7.58,10.0,10.0,10.0,7.67,0.0,84.0,11.5 %,0 full defects,2,Green,1 full defects,,"February 1st, 2022",ASOCIACIÓN COLOMBIANA PARA LA EXCELENCIA DEL CAFE,calle 70a #7-82 of. 602,Gabriela Salcedo - 3186238650
0,Guatemala,FINCA LA BURBUJA,11/63/390,,11/63/390,"RETRILLAS DEL PACIFICO, S. A.",1800,HUEHUETENANGO,MARISA JUDITH HERRERA VILLATORO,250,69 kg,Asociacion Nacional Del Café,2021,"April 29th, 2021",Angelica Paola Citan Lopez,Typica,Completed,Washed / Wet,7.58,7.92,7.67,7.75,7.75,7.58,10.0,10.0,10.0,7.67,0.0,83.92,10.6 %,0 full defects,2,Green,5 full defects,,"April 29th, 2022",Asociacion Nacional Del Café,"5a Calle 0-50, Zona 14 Guatemala City, Guatemala 1014",Brayan Cifuentes -
0,Guatemala,Not Specificated,11/63/712,Dry Mill of Exportcafe,,Marubeni Corporation,1300-1800,Guatemala Huehuetenango,"Exportcafe, S.A.",275,69 kg,Japan Coffee Exchange,2020,"September 1st, 2020",Ikuto Uehara,Other,Completed,Washed / Wet,7.92,7.75,7.58,7.75,7.5,7.75,10.0,10.0,10.0,7.67,0.0,83.92,12 %,0 full defects,1,Green,0 full defects,,"September 1st, 2021",Japan Coffee Exchange,"〒413-0002 静岡県熱海市伊豆山１１７３−５８ 1173-58 Izusan, Atami, Shizuoka, 413-0002 JAPAN",松澤　宏樹　Koju Matsuzawa - +81(0)9085642901
0,Colombia,EL PRADO,3-59-02703,NEIVA,3-59-2703,carcafe ltda,442,HUILA,FRANKLIN DUSSAN,200,29 kg,ASOCIACIÓN COLOMBIANA PARA LA EXCELENCIA DEL CAFE,2020,"October 2nd, 2020",rodrigo amaya,Caturra,Completed,Washed / Wet,7.83,7.67,7.58,7.83,7.83,7.67,10.0,10.0,10.0,7.42,0.0,83.83,10.5 %,0 full defects,1,Green,1 full defects,,"October 2nd, 2021",ASOCIACIÓN COLOMBIANA PARA LA EXCELENCIA DEL CAFE,calle 70a #7-82 of. 602,Gabriela Salcedo - 3186238650
0,Honduras,Not specificated,13/186/048,Dry Mill of Safracafe,13/186/048,Marubeni Corporation,1200-1500,Honduras Copan,Aprocafesca,285,69 kg,Japan Coffee Exchange,2020,"October 27th, 2020",Ikuto Uehara,Other,Completed,Washed / Wet,7.75,7.75,7.75,7.67,7.5,7.67,10.0,10.0,10.0,7.75,0.0,83.83,11.5 %,0 full defects,1,Green,2 full defects,,"October 27th, 2021",Japan Coffee Exchange,"〒413-0002 静岡県熱海市伊豆山１１７３−５８ 1173-58 Izusan, Atami, Shizuoka, 413-0002 JAPAN",松澤　宏樹　Koju Matsuzawa - +81(0)9085642901
0,Guatemala,LAS ROSAS,415000557,,11-63-1257,"RETRILLAS DEL PACIFICO, S. A.",1500,HUEHUETENANGO,ROLANDO BELARMINO VILLATORO VILLATORO,275,69 kg,Asociacion Nacional Del Café,2020,"July 7th, 2020",Byron Gonzalez,Bourbon,Completed,Natural / Dry,7.5,7.92,7.58,7.58,7.67,7.75,10.0,10.0,10.0,7.83,0.0,83.83,11 %,0 full defects,1,Green,4 full defects,,"July 7th, 2021",Asociacion Nacional Del Café,"5a Calle 0-50, Zona 14 Guatemala City, Guatemala 1014",Brayan Cifuentes -
0,Guatemala,VARIAS FINCAS,11/15/98,BENEFICIO PASTORES,11/15/98,"PETER SCHOENFELD, S. A.",1600,ANTIGUA,VARIOS PRODUCTORES,50,69 kg,Asociacion Nacional Del Café,2021,"April 29th, 2021",Angelica Paola Citan Lopez,Caturra,Completed,Washed / Wet,7.58,7.83,7.5,7.75,7.75,7.58,10.0,10.0,10.0,7.83,0.0,83.83,10.4 %,0 full defects,1,Green,5 full defects,,"April 29th, 2022",Asociacion Nacional Del Café,"5a Calle 0-50, Zona 14 Guatemala City, Guatemala 1014",Brayan Cifuentes -
0,Ethiopia,Zenash,0517,TRACON TRADING PLC,010/0148/0517,Mr.Brown Cafe,1943,Ethiopia Guji Uraga Solomo,TRACON TRADING PLC,267,60 kg,Blossom Valley International宸嶧國際,2020,"August 25th, 2020",MR.BROWN CAFE,Ethiopian Heirlooms,Completed,Washed / Wet,7.83,7.75,7.67,7.58,7.58,7.67,10.0,10.0,10.0,7.75,0.0,83.83,11 %,0 full defects,0,Green,0 full defects,,"August 25th, 2021",Blossom Valley International宸嶧國際,No.72 Mo-Fan St. Taiwan Zip: 403,Damon Chen陳嘉峻 - +886423022323
0,Colombia,Federación Nacional de Cafeteros de Colombia,3/01/11613,Federación Nacional de Cafeteros de Colombia,3/01/11613,JAPAN,1700,Huila,Federación Nacional de Cafeteros de Colombia,275,70 kg,Japan Coffee Exchange,2019,"October 27th, 2020",Yukinobu Ueda,Caturra,Completed,Washed / Wet,7.67,7.58,7.67,7.75,7.75,7.75,10.0,10.0,10.0,7.58,0.0,83.75,12 %,0 full defects,1,Bluish-Green,0 full defects,,"October 27th, 2021",Japan Coffee Exchange,"〒413-0002 静岡県熱海市伊豆山１１７３−５８ 1173-58 Izusan, Atami, Shizuoka, 413-0002 JAPAN",松澤　宏樹　Koju Matsuzawa - +81(0)9085642901
0,Guatemala,LA BURBUJA,415000445,,11-63-848,"RETRILLAS DEL PACIFICO, S. A.",1500,HUEHUETENANGO,MARISSA JUDITH HERRERA VILLATORO,200,69 kg,Asociacion Nacional Del Café,2020,"July 6th, 2020",Byron Gonzalez,Bourbon,Completed,Natural / Dry,7.58,7.92,7.5,7.58,7.67,7.67,10.0,10.0,10.0,7.83,0.0,83.75,11 %,0 full defects,1,Green,7 full defects,,"July 6th, 2021",Asociacion Nacional Del Café,"5a Calle 0-50, Zona 14 Guatemala City, Guatemala 1014",Brayan Cifuentes -
0,Guatemala,VARIAS FINCAS,11/15/124,BENEFICIO PASTORES,11/15/124,"PETER SCHOENFELD, S. A.",1600,ANTIGUA,VARIOS PRODUCTORES,200,69 kg,Asociacion Nacional Del Café,2021,"April 29th, 2021",Angelica Paola Citan Lopez,Caturra,Completed,Washed / Wet,7.5,7.83,7.5,7.83,7.75,7.58,10.0,10.0,10.0,7.75,0.0,83.75,10.5 %,0 full defects,2,Green,5 full defects,,"April 29th, 2022",Asociacion Nacional Del Café,"5a Calle 0-50, Zona 14 Guatemala City, Guatemala 1014",Brayan Cifuentes -
0,Guatemala,ALTA LUZ,415000544,,11-63-1073,"RETRILLAS DEL PACIFICO, S. A.",1400,HUEHUETENANGO,MARIA DE LOS ANGELES PEREZ,100,69 kg,Asociacion Nacional Del Café,2020,"July 7th, 2020",Byron Gonzalez,Bourbon,Completed,Natural / Dry,7.58,7.92,7.58,7.58,7.67,7.58,10.0,10.0,10.0,7.75,0.0,83.67,11 %,0 full defects,1,Green,6 full defects,,"July 7th, 2021",Asociacion Nacional Del Café,"5a Calle 0-50, Zona 14 Guatemala City, Guatemala 1014",Brayan Cifuentes -
0,Taiwan,向陽台灣咖啡,20200215,向陽台灣咖啡,,TCL 台灣咖啡研究室,1000,國姓-九份二山,林言謙 LIN YEN CHIEN,1,50 kg,NKG Quality Service (a division of Bernhard Rothfos Intercafé AG),2019,"September 3rd, 2020","Lin, Che-Hao Krude 林哲豪",Gesha,Completed,Natural / Dry,7.92,7.58,7.5,7.25,7.92,7.92,10.0,10.0,10.0,7.58,0.0,83.67,11 %,0 full defects,0,Green,0 full defects,,"September 3rd, 2021",NKG Quality Service (a division of Bernhard Rothfos Intercafé AG),"Bahnhofstrasse 22 6300 Zug, Switzerland",Gloria Pedroza - +41417287296
0,Brazil,Santa Bárbara,VJP-Q-2020-001,Copag Varginha,002/164-3/0120,ED&F Man Volcafe Brasil Ltda.,1020,Monte Carmelo's town - Cerrado Mineiro Region,Múcio Cardoso,440,59 kg,Brazil Specialty Coffee Association,2020 / 2021,"October 27th, 2020",ED&F Man Volcafe Brasil Ltda.,Mundo Novo,Completed,Natural / Dry,7.58,7.75,7.58,7.83,7.58,7.67,10.0,10.0,10.0,7.58,0.0,83.58,11 %,0 full defects,0,Green,3 full defects,,"October 27th, 2021",Brazil Specialty Coffee Association,"Rua Gaspar Batista Paiva, 416 – Santa Luiza Varginha/MG – Brazil",Chris Allen - 55 35 3212-4705
0,Brazil,FAZENDA SERRADO,SC570/20,DRY MILL,00211451763,Olam Agricola,1100,CARMO DE MINAS,CAIO PEREIRA,300,60 kg,Brazil Specialty Coffee Association,2020,"November 23rd, 2020",Welson de Lacerda Barbosa,Catuai,Completed,Natural / Dry,7.67,7.75,7.58,7.5,7.83,7.58,10.0,10.0,10.0,7.67,0.0,83.58,11.5 %,0 full defects,0,Green,0 full defects,,"November 23rd, 2021",Brazil Specialty Coffee Association,"Rua Gaspar Batista Paiva, 416 – Santa Luiza Varginha/MG – Brazil",Chris Allen - 55 35 3212-4705
0,Kenya,VARIOUS FARMS,412410050,CKCM MILL,37/00045/10050,C. Dorman limited,1750,KENYA,VARIOUS COOPERATIVES,170,60 kg,Kenya Coffee Traders Association,2020,"January 13th, 2021",Lydiah Mwangi,SL28,Completed,Washed / Wet,7.83,7.58,7.58,7.75,7.67,7.58,10.0,10.0,10.0,7.58,0.0,83.58,11 %,0 full defects,0,Green,6 full defects,,"January 13th, 2022",Kenya Coffee Traders Association,"P.O. Box 646 00100Nairobi, Kenya",Benson Kibicho Kamau - +254 786 821 621
0,Honduras,Beneficio Santa Rosa,80,Beneficio,13123077,Beneficio Santa Rosa,1250,Copán,Beneficio Santa Rosa,260,69 kg,Instituto Hondureño del Café,2021,"April 8th, 2021",Beneficio Santa Rosa,Catuai,Completed,Washed / Wet,7.75,7.75,7.58,7.67,7.67,7.5,10.0,10.0,10.0,7.67,0.0,83.58,10.4 %,0 full defects,1,Green,9 full defects,,"April 8th, 2022",Instituto Hondureño del Café,"Laboratorio de Control de Calidad de Café ( CNCC), 33 Calle, 1-2 Avenida, Sector El Cacao. San Pedro Sula, Cortes",Ramon Reyes - + 504 9693-9042
0,Uganda,,035/011/7094,Kyagalanyi Coffee's Namanve dry mill,035/011/7094,"Volcafe Limited, Japan",1700,Rwenzori,Small Farmers in Rwenzori,290,60 kg,Japan Coffee Exchange,2019,"August 5th, 2020",Volcafe Japan,SL28,Completed,Washed / Wet,7.75,7.67,7.5,7.75,7.58,7.58,10.0,10.0,10.0,7.75,0.0,83.58,12 %,0 full defects,1,Green,4 full defects,,"August 5th, 2021",Japan Coffee Exchange,"〒413-0002 静岡県熱海市伊豆山１１７３−５８ 1173-58 Izusan, Atami, Shizuoka, 413-0002 JAPAN",松澤　宏樹　Koju Matsuzawa - +81(0)9085642901
0,El Salvador,Tuxpal,1,Tuxpal,09-392-97,Consejo Salvadoreño del Café,1200,Apaneca - Ilamatepec,"Tejemet, S.A. de C.V.",275,69 kg,Salvadoran Coffee Council,2019,"August 20th, 2020",Consejo Salvadoreño del Café,Bourbon,Completed,Washed / Wet,7.92,7.83,7.42,7.5,7.67,7.67,10.0,10.0,10.0,7.5,0.0,83.5,11 %,0 full defects,0,Green,1 full defects,,"August 20th, 2021",Salvadoran Coffee Council,"Final 1a. Av. Norte y 13 Calle Pte., dentro de las instalaciones del MAG",Tomas Bonilla - (503) 2505-6600
0,Rwanda,IMENA CWS,28/003/19031,COFFEE BUSINESS CENTER,,COFFEE BUSINESS CENTER LTD,1800,"RUSIZI, GIKUNDAMVURA",IMENA CWS,275,60 kg,Kenya Coffee Traders Association,2020,"September 4th, 2020",Loic Rwagasana,Bourbon,Completed,Washed / Wet,7.83,7.58,7.58,7.75,7.58,7.67,10.0,10.0,10.0,7.5,0.0,83.5,10 %,0 full defects,11,None,9 full defects,,"September 4th, 2021",Kenya Coffee Traders Association,"P.O. Box 646 00100Nairobi, Kenya",Benson Kibicho Kamau - +254 786 821 621
0,Guatemala,Unex(Guatemala),11/23/439,Unex(Guatemala),11/23/439,"NIPPON COFFEE TRADING CO.,LTD.",1400,Oriente,Unex(Guatemala),235,69 kg,Japan Coffee Exchange,2020,"February 18th, 2021",Yukinobu Ueda,Bourbon,Completed,Washed / Wet,7.75,7.67,7.58,7.58,7.67,7.58,10.0,10.0,10.0,7.58,0.0,83.42,11.5 %,0 full defects,0,greenish,3 full defects,,"February 18th, 2022",Japan Coffee Exchange,"〒413-0002 静岡県熱海市伊豆山１１７３−５８ 1173-58 Izusan, Atami, Shizuoka, 413-0002 JAPAN",松澤　宏樹　Koju Matsuzawa - +81(0)9085642901
0,Uganda,Kawacom Sipi Falls Project,35/170/5011044,Kawacom Uganda Limited,,Kawacom uganda LTD,1800,Sipi,Kawacom Uganda Limited,300,60 kg,Uganda Coffee Development Authority,2021,"May 10th, 2021",Kawacom Uganda LTD,SL28,Completed,Washed / Wet,7.75,7.75,7.5,7.5,7.67,7.58,10.0,10.0,10.0,7.67,0.0,83.42,11 %,0 full defects,0,Green,2 full defects,,"May 10th, 2022",Uganda Coffee Development Authority,"Coffee House, Plot 35, Jinja Road, P.O. Box 7267, Kampala, Uganda",Clare Rwakatogoro - 256-75-753120312
0,Guatemala,SAN JOSÉ DEL LAGO,11/15/110,SAN JOSE DEL LAGO,11/15/110,"PETER SCHOENFELD, S. A.",1600,ATITLAN,"CAFETALERA PAQUIM, S. A.",90,29 kg,Asociacion Nacional Del Café,2021,"April 29th, 2021",Angelica Paola Citan Lopez,Bourbon,Completed,Washed / Wet,7.5,7.83,7.5,7.67,7.67,7.58,10.0,10.0,10.0,7.67,0.0,83.42,11.5 %,0 full defects,1,Green,4 full defects,,"April 29th, 2022",Asociacion Nacional Del Café,"5a Calle 0-50, Zona 14 Guatemala City, Guatemala 1014",Brayan Cifuentes -
0,Guatemala,LA ESPERANZA,415000525,,11-63-1211,"RETRILLAS DEL PACIFICO, S. A.",1600,HUEHUETENANGO,FRANCISCO MORALES CARRILLO,275,69 kg,Asociacion Nacional Del Café,2020,"July 31st, 2020",Byron Gonzalez,Bourbon,Completed,Natural / Dry,7.58,7.83,7.5,7.75,7.5,7.58,10.0,10.0,10.0,7.67,0.0,83.42,10 %,0 full defects,0,Green,5 full defects,,"July 31st, 2021",Asociacion Nacional Del Café,"5a Calle 0-50, Zona 14 Guatemala City, Guatemala 1014",Brayan Cifuentes -
0,Brazil,Barra Estate,JE02,Hulling Facility,,Volcano Origin Coffees,1000,Sul de Minas Gerais,José Edivaldo Gonçalves,220,30 kg,Brazil Specialty Coffee Association,2020,"February 18th, 2021",Joao Paulo Bueno Sanches,Catuai,Completed,Pulped natural / honey,7.58,7.5,7.58,7.75,7.5,7.67,10.0,10.0,10.0,7.75,0.0,83.33,11.5 %,0 full defects,0,Green,5 full defects,,"February 18th, 2022",Brazil Specialty Coffee Association,"Rua Gaspar Batista Paiva, 416 – Santa Luiza Varginha/MG – Brazil",Chris Allen - 55 35 3212-4705
0,Colombia,EL PRADO,3-59-1852,NEIVA,3-59-1852,carcafe ltda,1650,HUILA,FRANKLIN DUSSAN,250,70 kg,ASOCIACIÓN COLOMBIANA PARA LA EXCELENCIA DEL CAFE,2021,"April 7th, 2021",rodrigo amaya,Caturra,Completed,Washed / Wet,7.58,7.5,7.5,7.83,7.67,7.67,10.0,10.0,10.0,7.58,0.0,83.33,11.5 %,0 full defects,0,Green,2 full defects,,"April 7th, 2022",ASOCIACIÓN COLOMBIANA PARA LA EXCELENCIA DEL CAFE,calle 70a #7-82 of. 602,Gabriela Salcedo - 3186238650
0,El Salvador,Santa Adelaida,1,ACPA Santa Adelaida de R.L.,09/130/2,Consejo Salvadoreño del Café,1300,El Bálsamo,ACPA Santa Adelaida de R.L.,150,69 kg,Salvadoran Coffee Council,2021,"April 29th, 2021",Consejo Salvadoreño del Café,Bourbon,Completed,Washed / Wet,7.5,7.67,7.5,7.67,7.67,7.75,10.0,10.0,10.0,7.58,0.0,83.33,11.6 %,0 full defects,0,Green,2 full defects,,"April 29th, 2022",Salvadoran Coffee Council,"Final 1a. Av. Norte y 13 Calle Pte., dentro de las instalaciones del MAG",Tomas Bonilla - (503) 2505-6600
0,Brazil,IBIRACI REGIONAL,43107002 - P8281,DRY MILL,002/4542/0512,BOURBON SPECIALTY COFFEES,1100,IBIRACI,IBIRACI REGIONALS,325,59 kg,Brazil Specialty Coffee Association,2020,"February 25th, 2021",Bourbon Specialty Coffees SA,Other,Completed,Natural / Dry,7.67,7.75,7.67,7.58,7.5,7.58,10.0,10.0,10.0,7.5,0.0,83.25,11.5 %,0 full defects,1,Bluish-Green,3 full defects,,"February 25th, 2022",Brazil Specialty Coffee Association,"Rua Gaspar Batista Paiva, 416 – Santa Luiza Varginha/MG – Brazil",Chris Allen - 55 35 3212-4705
0,Guatemala,FINCA BENEFICIO EL TORREON,11/23/267,BENEFICIO IXCHEL,11/23/267,Asociación Nacional del Cafe,1901.64,ORIENTE,AGROINDUSTRIAS CAFETALERAS,150,69 kg,Asociacion Nacional Del Café,2020,"March 19th, 2021",Angelica Paola Citan Lopez,Bourbon,Completed,Washed / Wet,7.58,7.75,7.5,7.58,7.67,7.58,10.0,10.0,10.0,7.58,0.0,83.25,10.3 %,0 full defects,1,Green,4 full defects,,"March 19th, 2022",Asociacion Nacional Del Café,"5a Calle 0-50, Zona 14 Guatemala City, Guatemala 1014",Brayan Cifuentes -
0,Costa Rica,Beneficio Montañas del Diamante,10980-01,Beneficio Montañas del Diamante,5-0025-0079,"CECA,S.A.",1850,Tarrazu,Martin Gutierrez,350,35 kg,Specialty Coffee Association of Costa Rica,2021,"April 8th, 2021","CECA, S.A.",Caturra,Completed,Washed / Wet,7.75,7.42,7.42,7.75,7.75,7.67,10.0,10.0,10.0,7.5,0.0,83.25,9.9 %,0 full defects,2,Green,2 full defects,,"April 8th, 2022",Specialty Coffee Association of Costa Rica,"Blvd Rohrmoser, de Prisma Dental 200 norte y 25 oeste, casa 21",Noelia Villalobos - (506) 2220 0685
0,Nicaragua,SANTA MATILDE,1784486/K2130241,BENEFICIO SAN CARLOS,017/001/1021,"COMERCIAL INTERNACIONAL EXPORTADORA, S.A.",1100,Matagalpa,ROLANDO LACAYO,275,69 kg,Instituto Hondureño del Café,2020,"April 24th, 2021","COMERCIAL INTERNACIONAL EXPORTADORA, S.A.",Catuai,Completed,Washed / Wet,7.75,7.67,7.5,7.67,7.58,7.58,10.0,10.0,10.0,7.5,0.0,83.25,11 %,0 full defects,0,Green,4 full defects,,"April 24th, 2022",Instituto Hondureño del Café,"Laboratorio de Control de Calidad de Café ( CNCC), 33 Calle, 1-2 Avenida, Sector El Cacao. San Pedro Sula, Cortes",Ramon Reyes - + 504 9693-9042
0,Guatemala,LA BURBUJA,415000445,,11-63-848,"RETRILLAS DEL PACIFICO, S. A.",1500,HUEHUETENANGO,MARISA JUDITH HERRERA VILLATORO,200,69 kg,Asociacion Nacional Del Café,2020,"July 20th, 2020",Byron Gonzalez,Bourbon,Completed,Natural / Dry,7.5,7.83,7.42,7.58,7.58,7.67,10.0,10.0,10.0,7.67,0.0,83.25,10 %,0 full defects,2,Green,8 full defects,,"July 20th, 2021",Asociacion Nacional Del Café,"5a Calle 0-50, Zona 14 Guatemala City, Guatemala 1014",Brayan Cifuentes -
0,Colombia,Federación Nacional de Cafeteros de Colombia,3/01/12480,Federación Nacional de Cafeteros de Colombia,3/01/12480,"NIPPON COFFEE TRADING CO.,LTD.",1700,huila,Federación Nacional de Cafeteros de Colombia,273,70 kg,Japan Coffee Exchange,2019,"November 23rd, 2020",Yukinobu Ueda,Caturra,Completed,Washed / Wet,7.58,7.58,7.42,7.58,7.75,7.58,10.0,10.0,10.0,7.67,0.0,83.17,12 %,0 full defects,0,greenish,0 full defects,,"November 23rd, 2021",Japan Coffee Exchange,"〒413-0002 静岡県熱海市伊豆山１１７３−５８ 1173-58 Izusan, Atami, Shizuoka, 413-0002 JAPAN",松澤　宏樹　Koju Matsuzawa - +81(0)9085642901
0,Vietnam,APOLLO Estate,Apollo Honey 2020,Dry Mill,,"Sunvirtue Co., Ltd.",1040,Dalat,"Yeh, Li Chuan",1,2 kg,Specialty Coffee Association,2020,"March 19th, 2021","Sunvirtue Co., Ltd.",Catimor,Completed,Washed / Wet,7.58,7.5,7.42,7.67,7.67,7.75,10.0,10.0,10.0,7.58,0.0,83.17,11.9 %,0 full defects,0,Bluish-Green,0 full defects,,"March 19th, 2022",Specialty Coffee Association,"117 W 4th St, Suite 300 Santa Ana, CA 92701",Jessica Rodriguez - 562-999-3164
0,Guatemala,VARIAS FINCAS,11/15/115,VARIOS BENEFICIOS,11/15/115,"PETER SCHOENFELD, S. A.",1600,HUEHUETENANGO,VARIOS PRODUCTORES,250,69 kg,Asociacion Nacional Del Café,2021,"April 29th, 2021",Angelica Paola Citan Lopez,Caturra,Completed,Washed / Wet,7.5,7.67,7.5,7.58,7.75,7.5,10.0,10.0,10.0,7.67,0.0,83.17,10.5 %,0 full defects,1,Green,16 full defects,,"April 29th, 2022",Asociacion Nacional Del Café,"5a Calle 0-50, Zona 14 Guatemala City, Guatemala 1014",Brayan Cifuentes -
0,Guatemala,ALTA LUZ,415000544,,11-63-1073,"RETRILLAS DEL PACIFICO, S. A.",1400,HUEHUETENANGO,MARIA DE LOS ANGELES PEREZ,100,69 kg,Asociacion Nacional Del Café,2020,"July 20th, 2020",Byron Gonzalez,Bourbon,Completed,Natural / Dry,7.58,7.83,7.42,7.58,7.5,7.58,10.0,10.0,10.0,7.67,0.0,83.17,10 %,0 full defects,1,Green,5 full defects,,"July 20th, 2021",Asociacion Nacional Del Café,"5a Calle 0-50, Zona 14 Guatemala City, Guatemala 1014",Brayan Cifuentes -
0,Guatemala,LA BURBUJA,415000445,,13-63-848,"RETRILLAS DEL PACIFICO, S. A.",1800,HUEHUETENANGO,MARISA JUDITH HERRERA VILLATORO,200,69 kg,Asociacion Nacional Del Café,2020,"August 7th, 2020",Byron Gonzalez,Bourbon,Completed,Natural / Dry,7.5,7.67,7.5,7.5,7.58,7.58,10.0,10.0,10.0,7.83,0.0,83.17,11 %,0 full defects,0,Green,4 full defects,,"August 7th, 2021",Asociacion Nacional Del Café,"5a Calle 0-50, Zona 14 Guatemala City, Guatemala 1014",Brayan Cifuentes -
0,Peru,,30/543/1188,ED&F Man Volcafe Peru's dry mill in Jaen,30/543/1188,"Volcafe Limited, Japan",1200-1900,Huabal,various farmers,275,69 kg,Japan Coffee Exchange,2020,"January 27th, 2021",Volcafe Japan,Caturra,Completed,Washed / Wet,7.67,7.42,7.58,7.42,7.75,7.67,10.0,10.0,10.0,7.58,0.0,83.08,11.5 %,0 full defects,0,Green,2 full defects,,"January 27th, 2022",Japan Coffee Exchange,"〒413-0002 静岡県熱海市伊豆山１１７３−５８ 1173-58 Izusan, Atami, Shizuoka, 413-0002 JAPAN",松澤　宏樹　Koju Matsuzawa - +81(0)9085642901
0,Costa Rica,Beneficio Montañas del Diamante,11008,Beneficio Montañas del Diamante,5-0025-0150,"CECA,S.A.",1850,Tarrazu,Martin Gutierrez,275,69 kg,Specialty Coffee Association of Costa Rica,2021,"May 14th, 2021","CECA, S.A.",Caturra,Completed,Washed / Wet,7.5,7.83,7.42,7.67,7.5,7.58,10.0,10.0,10.0,7.58,0.0,83.08,10 %,0 full defects,3,Green,5 full defects,,"May 14th, 2022",Specialty Coffee Association of Costa Rica,"Blvd Rohrmoser, de Prisma Dental 200 norte y 25 oeste, casa 21",Noelia Villalobos - (506) 2220 0685
0,Thailand,Doi Tung Development Project,JAVA 62/63 (Coffea Arabica),Dry Mill,,Doi Tung Development Project,1420,Thailand,Doi Tung Development Project,1,2 kg,Specialty Coffee Association,2020 / 2021,"August 20th, 2020",Doi Tung Development Project,Java,Completed,Pulped natural / honey,7.83,7.75,7.58,7.67,7.58,7.5,9.33,10.0,10.0,7.83,0.0,83.08,10 %,0 full defects,0,Green,2 full defects,,"August 20th, 2021",Specialty Coffee Association,"117 W 4th St, Suite 300 Santa Ana, CA 92701",Jessica Rodriguez - 562-999-3164
0,Costa Rica,Beneficio Montañas del Diamante,10481,Beneficio Montañas del Diamante,5-0025-0284,"CECA,S.A.",1850,Tarrazú,Martín Gutierrez,300,35 kg,Specialty Coffee Association of Costa Rica,2020,"September 18th, 2020","CECA, S.A.",Caturra,Completed,Washed / Wet,7.75,7.67,7.25,7.58,7.67,7.58,10.0,10.0,10.0,7.58,0.0,83.08,10 %,0 full defects,0,Green,0 full defects,,"September 18th, 2021",Specialty Coffee Association of Costa Rica,"Blvd Rohrmoser, de Prisma Dental 200 norte y 25 oeste, casa 21",Noelia Villalobos - (506) 2220 0685
0,Guatemala,LAS ROSAS,415000557,,11-63-1257,"RETRILLAS DEL PACIFICO, S. A.",1500,HUEHUETENANGO,ROLANDO BELARMINO VILLATORO VILLATORO,275,69 kg,Asociacion Nacional Del Café,2020,"July 20th, 2020",Byron Gonzalez,Bourbon,Completed,Natural / Dry,7.58,7.75,7.25,7.58,7.5,7.58,10.0,10.0,10.0,7.67,0.0,82.92,10 %,0 full defects,1,Green,7 full defects,,"July 20th, 2021",Asociacion Nacional Del Café,"5a Calle 0-50, Zona 14 Guatemala City, Guatemala 1014",Brayan Cifuentes -
0,Guatemala,LAS ROSAS,415000557,,11-63-1257,"RETRILLAS DEL PACIFICO, S. A.",1500,HUEHUETENANGO,ROLANDO BELARMINO VILLATORO VILLATORO,275,69 kg,Asociacion Nacional Del Café,2020,"July 20th, 2020",Byron Gonzalez,Bourbon,Completed,Natural / Dry,7.58,7.75,7.25,7.58,7.5,7.58,10.0,10.0,10.0,7.67,0.0,82.92,10 %,0 full defects,1,Green,7 full defects,,"July 20th, 2021",Asociacion Nacional Del Café,"5a Calle 0-50, Zona 14 Guatemala City, Guatemala 1014",Brayan Cifuentes -
0,Guatemala,VARIAS FINCAS,11/15/53,VARIOS BENEFICIOS,11/15/53,"PETER SCHOENFELD, S. A.",1600,HUEHUETENANGO,VARIOS PRODUCTORES,100,29 kg,Asociacion Nacional Del Café,2021,"April 29th, 2021",Angelica Paola Citan Lopez,Caturra,Completed,Washed / Wet,7.5,7.75,7.42,7.5,7.67,7.42,10.0,10.0,10.0,7.58,0.0,82.83,10.8 %,0 full defects,1,Green,7 full defects,,"April 29th, 2022",Asociacion Nacional Del Café,"5a Calle 0-50, Zona 14 Guatemala City, Guatemala 1014",Brayan Cifuentes -
0,Colombia,Federación Nacional de Cafeteros de Colombia,3/01/15365,Federación Nacional de Cafeteros de Colombia,3/01/15365,"NIPPON COFFEE TRADING Co.,LTD.",1700,Huila,Federación Nacional de Cafeteros de Colombia,237,70 kg,Japan Coffee Exchange,2019,"December 28th, 2020",Yukinobu Ueda,Caturra,Completed,Washed / Wet,7.5,7.5,7.58,7.67,7.42,7.58,10.0,10.0,10.0,7.5,0.0,82.75,11.5 %,0 full defects,2,Green,0 full defects,,"December 28th, 2021",Japan Coffee Exchange,"〒413-0002 静岡県熱海市伊豆山１１７３−５８ 1173-58 Izusan, Atami, Shizuoka, 413-0002 JAPAN",松澤　宏樹　Koju Matsuzawa - +81(0)9085642901
0,Indonesia,"Arsyad, Budi",#3609,PT. Royal Pacific Indah International,,"Volcafe Limited, Japan",1400,Gayo / Takengon,"Arsyad, Budi",300,60 kg,Japan Coffee Exchange,2020,"March 26th, 2021",Volcafe Japan,Mandheling,Completed,Washed / Wet,7.58,7.42,7.5,7.58,7.5,7.67,10.0,10.0,10.0,7.5,0.0,82.75,11.9 %,0 full defects,1,Bluish-Green,4 full defects,,"March 26th, 2022",Japan Coffee Exchange,"〒413-0002 静岡県熱海市伊豆山１１７３−５８ 1173-58 Izusan, Atami, Shizuoka, 413-0002 JAPAN",松澤　宏樹　Koju Matsuzawa - +81(0)9085642901
0,Mexico,Teresa,682,Exportadora de Cafe CAlifornia,VER-bc-000199 B07-2A-C23,Exportadora Café California,1700,Chiapas Villa Corzo,various,250,80 kg,Centro Agroecológico del Café A.C.,2020,"March 23rd, 2021",ANDREAS KUSSMAUL,Caturra,Completed,Washed / Wet,7.75,7.58,7.33,7.58,7.5,7.5,10.0,10.0,10.0,7.5,0.0,82.75,12.3 %,0 full defects,0,Green,9 full defects,,"March 23rd, 2022",Centro Agroecológico del Café A.C.,"Instituto de Ecología A. C., Campus III Edificio A Planta Baja Carretera Antigua a Coatepec No. 351 Col. El Haya C.P. 91070 Xalapa, Veracruz, México.",Stephany Escamilla Femat - Tel. +52 228 8421800 Ext. 3092
0,Brazil,CAFEBRASCOMERCIO DE CAFÉS,CB 830/20,DRY MILL,,cafebras comércio de cafes do brasil,-900,CERRADO MINEIRO,CAFRBRAS COMERCIO DE CAFÉS,300,60 kg,Brazil Specialty Coffee Association,2020,"September 18th, 2020",João Batista Jarduli,Mundo Novo,Completed,Natural / Dry,7.58,7.5,7.0,7.83,7.67,7.5,10.0,10.0,10.0,7.67,0.0,82.75,11 %,0 full defects,0,Bluish-Green,0 full defects,,"September 18th, 2021",Brazil Specialty Coffee Association,"Rua Gaspar Batista Paiva, 416 – Santa Luiza Varginha/MG – Brazil",Chris Allen - 55 35 3212-4705
0,Brazil,Group BSC,43106613 - P-7968,Dry Mill,002/4542/0044,BOURBON SPECIALTY COFFEES,1100,Mogiana,Group BSC,327,59 kg,Brazil Specialty Coffee Association,2020 / 2021,"October 13th, 2020",BOURBON SPECIALTY COFFEES,Other,Completed,Natural / Dry,7.5,7.5,7.58,7.5,7.5,7.5,10.0,10.0,10.0,7.58,0.0,82.67,11.5 %,0 full defects,2,Bluish-Green,5 full defects,,"October 13th, 2021",Brazil Specialty Coffee Association,"Rua Gaspar Batista Paiva, 416 – Santa Luiza Varginha/MG – Brazil",Chris Allen - 55 35 3212-4705
0,Colombia,PITALITO,10058,Pitalito,,Mr.Brown Cafe,1574,HUILA,ALMACAFE,275,70 kg,Blossom Valley International宸嶧國際,2020,"January 21st, 2021",MR.BROWN CAFE,Caturra,Completed,Washed / Wet,7.5,7.58,7.42,7.67,7.42,7.5,10.0,10.0,10.0,7.58,0.0,82.67,10.5 %,0 full defects,0,Greenish,0 full defects,,"January 21st, 2022",Blossom Valley International宸嶧國際,No.72 Mo-Fan St. Taiwan Zip: 403,Damon Chen陳嘉峻 - +886423022323
0,Costa Rica,Beneficio Montañas del Diamante,11009-01,Beneficio Montañas del Diamante,5-0025-0080,"CECA,S.A.",1850,Tarrazu,Martin Gutierrez,90,35 kg,Specialty Coffee Association of Costa Rica,2021,"April 8th, 2021","CECA, S.A.",Caturra,Completed,Washed / Wet,7.67,7.58,7.25,7.67,7.33,7.58,10.0,10.0,10.0,7.58,0.0,82.67,9.9 %,0 full defects,1,Green,5 full defects,,"April 8th, 2022",Specialty Coffee Association of Costa Rica,"Blvd Rohrmoser, de Prisma Dental 200 norte y 25 oeste, casa 21",Noelia Villalobos - (506) 2220 0685
0,Costa Rica,Beneficio Montañas del Diamante,11009-01,Beneficio Montañas del Diamante,5-0025-0080,"CECA,S.A.",1850,Tarrazu,Martin Gutierrez,90,35 kg,Specialty Coffee Association of Costa Rica,2021,"April 8th, 2021","CECA, S.A.",Caturra,Completed,Washed / Wet,7.67,7.58,7.25,7.67,7.33,7.58,10.0,10.0,10.0,7.58,0.0,82.67,9.9 %,0 full defects,1,Green,5 full defects,,"April 8th, 2022",Specialty Coffee Association of Costa Rica,"Blvd Rohrmoser, de Prisma Dental 200 norte y 25 oeste, casa 21",Noelia Villalobos - (506) 2220 0685
0,Indonesia,"Pondokbaru, Benermeriah",ptraas no.2,"Pondokbaru, Benermeriah",15/3515/57 & 15/3515/58,PT Rajawali Artha Agro Sejahtera (PTRAAS),1200,Sumatra,PT. Rajawali Artha Agro Sejahtera,320,60 kg,Specialty Coffee Association of Indonesia,2020,"June 22nd, 2020",PTRAAS,Mandheling,Completed,Washed / Wet,7.5,7.75,7.17,7.75,7.42,7.42,10.0,10.0,10.0,7.58,0.0,82.58,12 %,0 full defects,4,Green,7 full defects,,"June 22nd, 2021",Specialty Coffee Association of Indonesia,"Ministry of Agriculture Republic Indonesia, Build C 5th Floor wing B Room 515 . Jl. Harsono RM No. 3, Ragunan, South Jakarta, Jakarta",Mahardini Farizki - 081284251303 / 085780031543
0,Mexico,FINCA IXHUATLAN,100,CAFES TOMARI S.A DE C.V.,,Centro Agroecológico del Café A. C.,1350,Veracruz,CAFES TOMARI S.A DE C.V,275,69 kg,Centro Agroecológico del Café A.C.,2021,"March 19th, 2021",CAFES TOMARI SA DE CV,Bourbon,Completed,Washed / Wet,7.75,7.58,7.25,7.58,7.5,7.5,10.0,10.0,10.0,7.42,0.0,82.58,11.6 %,0 full defects,0,Green,1 full defects,,"March 19th, 2022",Centro Agroecológico del Café A.C.,"Instituto de Ecología A. C., Campus III Edificio A Planta Baja Carretera Antigua a Coatepec No. 351 Col. El Haya C.P. 91070 Xalapa, Veracruz, México.",Stephany Escamilla Femat - Tel. +52 228 8421800 Ext. 3092
0,Guatemala,FINCA MEDINA,11/11711/58,FINCA MEDINA,11/11711/58,"SIEMBRAS VISION, S. A.",1650,ANTIGUA,"SIEMBRAS VISION, S. A.",250,69 kg,Asociacion Nacional Del Café,2021,"April 29th, 2021",Angelica Paola Citan Lopez,Caturra,Completed,Washed / Wet,7.5,7.58,7.33,7.5,7.67,7.5,10.0,10.0,10.0,7.5,0.0,82.58,9.9 %,0 full defects,1,Green,4 full defects,,"April 29th, 2022",Asociacion Nacional Del Café,"5a Calle 0-50, Zona 14 Guatemala City, Guatemala 1014",Brayan Cifuentes -
0,Ecuador,Various,001 Sumitomo,Agrogora Ltda,Q-081,AGROGORA LTA & Asociación de Cafés Especiales del Ecuador,1200,"Andes Mountains (Imbabura, Loja, Zamora)",Several Producers of the Region,250,69 kg,ASOCIACIÓN COLOMBIANA PARA LA EXCELENCIA DEL CAFE,2020,"October 7th, 2020",Wilson Gonzalez Ramos,Other,Completed,Washed / Wet,7.58,7.92,7.25,7.33,7.58,7.42,10.0,10.0,10.0,7.42,0.0,82.5,10.5 %,0 full defects,0,Green,1 full defects,,"October 7th, 2021",ASOCIACIÓN COLOMBIANA PARA LA EXCELENCIA DEL CAFE,calle 70a #7-82 of. 602,Gabriela Salcedo - 3186238650
0,Brazil,CACHOEIRA DA GRAMA,43106720 - K28761,DRY MILL,002/4542/0108,BOURBON SPECIALTY COFFEES,1100,SUL DE MINAS,GABRIEL DE CARVALHO DIAS,300,59 kg,Brazil Specialty Coffee Association,2020 / 2021,"November 2nd, 2020",BOURBON SPECIALTY COFFEES,Yellow Bourbon,Completed,Pulped natural / honey,7.5,7.42,7.33,7.58,7.58,7.58,10.0,10.0,10.0,7.5,0.0,82.5,12 %,0 full defects,2,Green,6 full defects,,"November 2nd, 2021",Brazil Specialty Coffee Association,"Rua Gaspar Batista Paiva, 416 – Santa Luiza Varginha/MG – Brazil",Chris Allen - 55 35 3212-4705
0,Brazil,not specificated,002/1738/0120,dry mil of Cocapil cooperative,,Marubeni Corporation,1200-1300,Alta Mogiana,Cocapil cooperative,440,60 kg,Japan Coffee Exchange,2020 / 2021,"December 7th, 2020",Ikuto Uehara,Other,Completed,Natural / Dry,7.67,7.42,7.5,7.42,7.5,7.5,10.0,10.0,10.0,7.5,0.0,82.5,11.5 %,0 full defects,2,Yellow Green,0 full defects,,"December 7th, 2021",Japan Coffee Exchange,"〒413-0002 静岡県熱海市伊豆山１１７３−５８ 1173-58 Izusan, Atami, Shizuoka, 413-0002 JAPAN",松澤　宏樹　Koju Matsuzawa - +81(0)9085642901
0,Guatemala,Not Specificated,11/63/311,Dry Mill of Exportcafe,,Marubeni Corporation,1300-1800,Guatemala Huehuetenango,"Exportcafe, S.A.",275,69 kg,Japan Coffee Exchange,2020,"September 1st, 2020",Ikuto Uehara,Other,Completed,Washed / Wet,7.5,7.42,7.5,7.5,7.5,7.58,10.0,10.0,10.0,7.5,0.0,82.5,12 %,0 full defects,1,Green,2 full defects,,"September 1st, 2021",Japan Coffee Exchange,"〒413-0002 静岡県熱海市伊豆山１１７３−５８ 1173-58 Izusan, Atami, Shizuoka, 413-0002 JAPAN",松澤　宏樹　Koju Matsuzawa - +81(0)9085642901
0,Nicaragua,Finca Aurora,1,Beneficio - Finca Aurora,,MR.BROWN CAFE,1200,"Matagalpa, Nicaragua",Enrique Ferrufino,280,69 kg,Blossom Valley International宸嶧國際,2020 / 2021,"November 7th, 2020",MR.BROWN CAFE,Caturra,Completed,Washed / Wet,7.58,7.5,7.33,7.67,7.25,7.5,10.0,10.0,10.0,7.5,0.0,82.33,10.5 %,0 full defects,0,yellow-green,0 full defects,,"November 7th, 2021",Blossom Valley International宸嶧國際,No.72 Mo-Fan St. Taiwan Zip: 403,Damon Chen陳嘉峻 - +886423022323
0,Brazil,Fazenda Cachoeira,S012895-2,DRY MILL,002/1145/1175,Olam Agricola,1150,Cerrado,Danilo Barbosa,1280,76800 kg,Brazil Specialty Coffee Association,2020,"January 20th, 2021",Welson de Lacerda Barbosa,Catuai,Completed,Natural / Dry,7.5,7.42,7.25,7.5,7.67,7.5,10.0,10.0,10.0,7.5,0.0,82.33,11.5 %,0 full defects,0,Green,4 full defects,,"January 20th, 2022",Brazil Specialty Coffee Association,"Rua Gaspar Batista Paiva, 416 – Santa Luiza Varginha/MG – Brazil",Chris Allen - 55 35 3212-4705
0,Mexico,Finca Trianon,101,DRY MILL,,Café Don Justo,1350,Veracruz,Café Don Justo,275,69 kg,Centro Agroecológico del Café A.C.,2020,"April 2nd, 2021",ROMAN FERRAEZ,Bourbon,Completed,Washed / Wet,7.5,7.58,7.25,7.5,7.5,7.33,10.0,10.0,10.0,7.58,0.0,82.25,11.3 %,0 full defects,0,Green,1 full defects,,"April 2nd, 2022",Centro Agroecológico del Café A.C.,"Instituto de Ecología A. C., Campus III Edificio A Planta Baja Carretera Antigua a Coatepec No. 351 Col. El Haya C.P. 91070 Xalapa, Veracruz, México.",Stephany Escamilla Femat - Tel. +52 228 8421800 Ext. 3092
0,Taiwan,向陽台灣咖啡,20200215,向陽台灣咖啡,,TCL 台灣咖啡研究室,1000,國姓-九份二山,林言謙 LIN YEN CHIEN,1,50 kg,NKG Quality Service (a division of Bernhard Rothfos Intercafé AG),2019,"September 3rd, 2020","Lin, Che-Hao Krude 林哲豪",Gesha,Completed,Natural / Dry,7.92,7.58,7.5,7.25,7.92,7.92,10.0,10.0,10.0,7.58,0.0,83.67,11 %,0 full defects,0,Green,0 full defects,,"September 3rd, 2021",NKG Quality Service (a division of Bernhard Rothfos Intercafé AG),"Bahnhofstrasse 22 6300 Zug, Switzerland",Gloria Pedroza - +41417287296
0,Brazil,Santa Bárbara,VJP-Q-2020-001,Copag Varginha,002/164-3/0120,ED&F Man Volcafe Brasil Ltda.,1020,Monte Carmelo's town - Cerrado Mineiro Region,Múcio Cardoso,440,59 kg,Brazil Specialty Coffee Association,2020 / 2021,"October 27th, 2020",ED&F Man Volcafe Brasil Ltda.,Mundo Novo,Completed,Natural / Dry,7.58,7.75,7.58,7.83,7.58,7.67,10.0,10.0,10.0,7.58,0.0,83.58,11 %,0 full defects,0,Green,3 full defects,,"October 27th, 2021",Brazil Specialty Coffee Association,"Rua Gaspar Batista Paiva, 416 – Santa Luiza Varginha/MG – Brazil",Chris Allen - 55 35 3212-4705
0,Brazil,FAZENDA SERRADO,SC570/20,DRY MILL,00211451763,Olam Agricola,1100,CARMO DE MINAS,CAIO PEREIRA,300,60 kg,Brazil Specialty Coffee Association,2020,"November 23rd, 2020",Welson de Lacerda Barbosa,Catuai,Completed,Natural / Dry,7.67,7.75,7.58,7.5,7.83,7.58,10.0,10.0,10.0,7.67,0.0,83.58,11.5 %,0 full defects,0,Green,0 full defects,,"November 23rd, 2021",Brazil Specialty Coffee Association,"Rua Gaspar Batista Paiva, 416 – Santa Luiza Varginha/MG – Brazil",Chris Allen - 55 35 3212-4705
0,Kenya,VARIOUS FARMS,412410050,CKCM MILL,37/00045/10050,C. Dorman limited,1750,KENYA,VARIOUS COOPERATIVES,170,60 kg,Kenya Coffee Traders Association,2020,"January 13th, 2021",Lydiah Mwangi,SL28,Completed,Washed / Wet,7.83,7.58,7.58,7.75,7.67,7.58,10.0,10.0,10.0,7.58,0.0,83.58,11 %,0 full defects,0,Green,6 full defects,,"January 13th, 2022",Kenya Coffee Traders Association,"P.O. Box 646 00100Nairobi, Kenya",Benson Kibicho Kamau - +254 786 821 621
0,Honduras,Beneficio Santa Rosa,80,Beneficio,13123077,Beneficio Santa Rosa,1250,Copán,Beneficio Santa Rosa,260,69 kg,Instituto Hondureño del Café,2021,"April 8th, 2021",Beneficio Santa Rosa,Catuai,Completed,Washed / Wet,7.75,7.75,7.58,7.67,7.67,7.5,10.0,10.0,10.0,7.67,0.0,83.58,10.4 %,0 full defects,1,Green,9 full defects,,"April 8th, 2022",Instituto Hondureño del Café,"Laboratorio de Control de Calidad de Café ( CNCC), 33 Calle, 1-2 Avenida, Sector El Cacao. San Pedro Sula, Cortes",Ramon Reyes - + 504 9693-9042
0,Uganda,,035/011/7094,Kyagalanyi Coffee's Namanve dry mill,035/011/7094,"Volcafe Limited, Japan",1700,Rwenzori,Small Farmers in Rwenzori,290,60 kg,Japan Coffee Exchange,2019,"August 5th, 2020",Volcafe Japan,SL28,Completed,Washed / Wet,7.75,7.67,7.5,7.75,7.58,7.58,10.0,10.0,10.0,7.75,0.0,83.58,12 %,0 full defects,1,Green,4 full defects,,"August 5th, 2021",Japan Coffee Exchange,"〒413-0002 静岡県熱海市伊豆山１１７３−５８ 1173-58 Izusan, Atami, Shizuoka, 413-0002 JAPAN",松澤　宏樹　Koju Matsuzawa - +81(0)9085642901
0,El Salvador,Tuxpal,1,Tuxpal,09-392-97,Consejo Salvadoreño del Café,1200,Apaneca - Ilamatepec,"Tejemet, S.A. de C.V.",275,69 kg,Salvadoran Coffee Council,2019,"August 20th, 2020",Consejo Salvadoreño del Café,Bourbon,Completed,Washed / Wet,7.92,7.83,7.42,7.5,7.67,7.67,10.0,10.0,10.0,7.5,0.0,83.5,11 %,0 full defects,0,Green,1 full defects,,"August 20th, 2021",Salvadoran Coffee Council,"Final 1a. Av. Norte y 13 Calle Pte., dentro de las instalaciones del MAG",Tomas Bonilla - (503) 2505-6600
0,Rwanda,IMENA CWS,28/003/19031,COFFEE BUSINESS CENTER,,COFFEE BUSINESS CENTER LTD,1800,"RUSIZI, GIKUNDAMVURA",IMENA CWS,275,60 kg,Kenya Coffee Traders Association,2020,"September 4th, 2020",Loic Rwagasana,Bourbon,Completed,Washed / Wet,7.83,7.58,7.58,7.75,7.58,7.67,10.0,10.0,10.0,7.5,0.0,83.5,10 %,0 full defects,11,None,9 full defects,,"September 4th, 2021",Kenya Coffee Traders Association,"P.O. Box 646 00100Nairobi, Kenya",Benson Kibicho Kamau - +254 786 821 621
0,Guatemala,Unex(Guatemala),11/23/439,Unex(Guatemala),11/23/439,"NIPPON COFFEE TRADING CO.,LTD.",1400,Oriente,Unex(Guatemala),235,69 kg,Japan Coffee Exchange,2020,"February 18th, 2021",Yukinobu Ueda,Bourbon,Completed,Washed / Wet,7.75,7.67,7.58,7.58,7.67,7.58,10.0,10.0,10.0,7.58,0.0,83.42,11.5 %,0 full defects,0,greenish,3 full defects,,"February 18th, 2022",Japan Coffee Exchange,"〒413-0002 静岡県熱海市伊豆山１１７３−５８ 1173-58 Izusan, Atami, Shizuoka, 413-0002 JAPAN",松澤　宏樹　Koju Matsuzawa - +81(0)9085642901
0,Uganda,Kawacom Sipi Falls Project,35/170/5011044,Kawacom Uganda Limited,,Kawacom uganda LTD,1800,Sipi,Kawacom Uganda Limited,300,60 kg,Uganda Coffee Development Authority,2021,"May 10th, 2021",Kawacom Uganda LTD,SL28,Completed,Washed / Wet,7.75,7.75,7.5,7.5,7.67,7.58,10.0,10.0,10.0,7.67,0.0,83.42,11 %,0 full defects,0,Green,2 full defects,,"May 10th, 2022",Uganda Coffee Development Authority,"Coffee House, Plot 35, Jinja Road, P.O. Box 7267, Kampala, Uganda",Clare Rwakatogoro - 256-75-753120312
0,Guatemala,SAN JOSÉ DEL LAGO,11/15/110,SAN JOSE DEL LAGO,11/15/110,"PETER SCHOENFELD, S. A.",1600,ATITLAN,"CAFETALERA PAQUIM, S. A.",90,29 kg,Asociacion Nacional Del Café,2021,"April 29th, 2021",Angelica Paola Citan Lopez,Bourbon,Completed,Washed / Wet,7.5,7.83,7.5,7.67,7.67,7.58,10.0,10.0,10.0,7.67,0.0,83.42,11.5 %,0 full defects,1,Green,4 full defects,,"April 29th, 2022",Asociacion Nacional Del Café,"5a Calle 0-50, Zona 14 Guatemala City, Guatemala 1014",Brayan Cifuentes -
0,Guatemala,LA ESPERANZA,415000525,,11-63-1211,"RETRILLAS DEL PACIFICO, S. A.",1600,HUEHUETENANGO,FRANCISCO MORALES CARRILLO,275,69 kg,Asociacion Nacional Del Café,2020,"July 31st, 2020",Byron Gonzalez,Bourbon,Completed,Natural / Dry,7.58,7.83,7.5,7.75,7.5,7.58,10.0,10.0,10.0,7.67,0.0,83.42,10 %,0 full defects,0,Green,5 full defects,,"July 31st, 2021",Asociacion Nacional Del Café,"5a Calle 0-50, Zona 14 Guatemala City, Guatemala 1014",Brayan Cifuentes -
0,Brazil,Barra Estate,JE02,Hulling Facility,,Volcano Origin Coffees,1000,Sul de Minas Gerais,José Edivaldo Gonçalves,220,30 kg,Brazil Specialty Coffee Association,2020,"February 18th, 2021",Joao Paulo Bueno Sanches,Catuai,Completed,Pulped natural / honey,7.58,7.5,7.58,7.75,7.5,7.67,10.0,10.0,10.0,7.75,0.0,83.33,11.5 %,0 full defects,0,Green,5 full defects,,"February 18th, 2022",Brazil Specialty Coffee Association,"Rua Gaspar Batista Paiva, 416 – Santa Luiza Varginha/MG – Brazil",Chris Allen - 55 35 3212-4705
0,Colombia,EL PRADO,3-59-1852,NEIVA,3-59-1852,carcafe ltda,1650,HUILA,FRANKLIN DUSSAN,250,70 kg,ASOCIACIÓN COLOMBIANA PARA LA EXCELENCIA DEL CAFE,2021,"April 7th, 2021",rodrigo amaya,Caturra,Completed,Washed / Wet,7.58,7.5,7.5,7.83,7.67,7.67,10.0,10.0,10.0,7.58,0.0,83.33,11.5 %,0 full defects,0,Green,2 full defects,,"April 7th, 2022",ASOCIACIÓN COLOMBIANA PARA LA EXCELENCIA DEL CAFE,calle 70a #7-82 of. 602,Gabriela Salcedo - 3186238650
0,El Salvador,Santa Adelaida,1,ACPA Santa Adelaida de R.L.,09/130/2,Consejo Salvadoreño del Café,1300,El Bálsamo,ACPA Santa Adelaida de R.L.,150,69 kg,Salvadoran Coffee Council,2021,"April 29th, 2021",Consejo Salvadoreño del Café,Bourbon,Completed,Washed / Wet,7.5,7.67,7.5,7.67,7.67,7.75,10.0,10.0,10.0,7.58,0.0,83.33,11.6 %,0 full defects,0,Green,2 full defects,,"April 29th, 2022",Salvadoran Coffee Council,"Final 1a. Av. Norte y 13 Calle Pte., dentro de las instalaciones del MAG",Tomas Bonilla - (503) 2505-6600
0,Brazil,IBIRACI REGIONAL,43107002 - P8281,DRY MILL,002/4542/0512,BOURBON SPECIALTY COFFEES,1100,IBIRACI,IBIRACI REGIONALS,325,59 kg,Brazil Specialty Coffee Association,2020,"February 25th, 2021",Bourbon Specialty Coffees SA,Other,Completed,Natural / Dry,7.67,7.75,7.67,7.58,7.5,7.58,10.0,10.0,10.0,7.5,0.0,83.25,11.5 %,0 full defects,1,Bluish-Green,3 full defects,,"February 25th, 2022",Brazil Specialty Coffee Association,"Rua Gaspar Batista Paiva, 416 – Santa Luiza Varginha/MG – Brazil",Chris Allen - 55 35 3212-4705
0,Guatemala,FINCA BENEFICIO EL TORREON,11/23/267,BENEFICIO IXCHEL,11/23/267,Asociación Nacional del Cafe,1901.64,ORIENTE,AGROINDUSTRIAS CAFETALERAS,150,69 kg,Asociacion Nacional Del Café,2020,"March 19th, 2021",Angelica Paola Citan Lopez,Bourbon,Completed,Washed / Wet,7.58,7.75,7.5,7.58,7.67,7.58,10.0,10.0,10.0,7.58,0.0,83.25,10.3 %,0 full defects,1,Green,4 full defects,,"March 19th, 2022",Asociacion Nacional Del Café,"5a Calle 0-50, Zona 14 Guatemala City, Guatemala 1014",Brayan Cifuentes -
0,Costa Rica,Beneficio Montañas del Diamante,10980-01,Beneficio Montañas del Diamante,5-0025-0079,"CECA,S.A.",1850,Tarrazu,Martin Gutierrez,350,35 kg,Specialty Coffee Association of Costa Rica,2021,"April 8th, 2021","CECA, S.A.",Caturra,Completed,Washed / Wet,7.75,7.42,7.42,7.75,7.75,7.67,10.0,10.0,10.0,7.5,0.0,83.25,9.9 %,0 full defects,2,Green,2 full defects,,"April 8th, 2022",Specialty Coffee Association of Costa Rica,"Blvd Rohrmoser, de Prisma Dental 200 norte y 25 oeste, casa 21",Noelia Villalobos - (506) 2220 0685
0,Costa Rica,Beneficio Montañas del Diamante,10980-01,Beneficio Montañas del Diamante,5-0025-0079,"CECA,S.A.",1850,Tarrazu,Martin Gutierrez,350,35 kg,Specialty Coffee Association of Costa Rica,2021,"April 8th, 2021","CECA, S.A.",Caturra,Completed,Washed / Wet,7.75,7.42,7.42,7.75,7.75,7.67,10.0,10.0,10.0,7.5,0.0,83.25,9.9 %,0 full defects,2,Green,2 full defects,,"April 8th, 2022",Specialty Coffee Association of Costa Rica,"Blvd Rohrmoser, de Prisma Dental 200 norte y 25 oeste, casa 21",Noelia Villalobos - (506) 2220 0685
0,Guatemala,LA BURBUJA,415000445,,11-63-848,"RETRILLAS DEL PACIFICO, S. A.",1500,HUEHUETENANGO,MARISA JUDITH HERRERA VILLATORO,200,69 kg,Asociacion Nacional Del Café,2020,"July 20th, 2020",Byron Gonzalez,Bourbon,Completed,Natural / Dry,7.5,7.83,7.42,7.58,7.58,7.67,10.0,10.0,10.0,7.67,0.0,83.25,10 %,0 full defects,2,Green,8 full defects,,"July 20th, 2021",Asociacion Nacional Del Café,"5a Calle 0-50, Zona 14 Guatemala City, Guatemala 1014",Brayan Cifuentes -
0,Colombia,Federación Nacional de Cafeteros de Colombia,3/01/12480,Federación Nacional de Cafeteros de Colombia,3/01/12480,"NIPPON COFFEE TRADING CO.,LTD.",1700,huila,Federación Nacional de Cafeteros de Colombia,273,70 kg,Japan Coffee Exchange,2019,"November 23rd, 2020",Yukinobu Ueda,Caturra,Completed,Washed / Wet,7.58,7.58,7.42,7.58,7.75,7.58,10.0,10.0,10.0,7.67,0.0,83.17,12 %,0 full defects,0,greenish,0 full defects,,"November 23rd, 2021",Japan Coffee Exchange,"〒413-0002 静岡県熱海市伊豆山１１７３−５８ 1173-58 Izusan, Atami, Shizuoka, 413-0002 JAPAN",松澤　宏樹　Koju Matsuzawa - +81(0)9085642901
0,Vietnam,APOLLO Estate,Apollo Honey 2020,Dry Mill,,"Sunvirtue Co., Ltd.",1040,Dalat,"Yeh, Li Chuan",1,2 kg,Specialty Coffee Association,2020,"March 19th, 2021","Sunvirtue Co., Ltd.",Catimor,Completed,Washed / Wet,7.58,7.5,7.42,7.67,7.67,7.75,10.0,10.0,10.0,7.58,0.0,83.17,11.9 %,0 full defects,0,Bluish-Green,0 full defects,,"March 19th, 2022",Specialty Coffee Association,"117 W 4th St, Suite 300 Santa Ana, CA 92701",Jessica Rodriguez - 562-999-3164
0,Guatemala,VARIAS FINCAS,11/15/115,VARIOS BENEFICIOS,11/15/115,"PETER SCHOENFELD, S. A.",1600,HUEHUETENANGO,VARIOS PRODUCTORES,250,69 kg,Asociacion Nacional Del Café,2021,"April 29th, 2021",Angelica Paola Citan Lopez,Caturra,Completed,Washed / Wet,7.5,7.67,7.5,7.58,7.75,7.5,10.0,10.0,10.0,7.67,0.0,83.17,10.5 %,0 full defects,1,Green,16 full defects,,"April 29th, 2022",Asociacion Nacional Del Café,"5a Calle 0-50, Zona 14 Guatemala City, Guatemala 1014",Brayan Cifuentes -
0,Guatemala,ALTA LUZ,415000544,,11-63-1073,"RETRILLAS DEL PACIFICO, S. A.",1400,HUEHUETENANGO,MARIA DE LOS ANGELES PEREZ,100,69 kg,Asociacion Nacional Del Café,2020,"July 20th, 2020",Byron Gonzalez,Bourbon,Completed,Natural / Dry,7.58,7.83,7.42,7.58,7.5,7.58,10.0,10.0,10.0,7.67,0.0,83.17,10 %,0 full defects,1,Green,5 full defects,,"July 20th, 2021",Asociacion Nacional Del Café,"5a Calle 0-50, Zona 14 Guatemala City, Guatemala 1014",Brayan Cifuentes -
0,Guatemala,LA BURBUJA,415000445,,13-63-848,"RETRILLAS DEL PACIFICO, S. A.",1800,HUEHUETENANGO,MARISA JUDITH HERRERA VILLATORO,200,69 kg,Asociacion Nacional Del Café,2020,"August 7th, 2020",Byron Gonzalez,Bourbon,Completed,Natural / Dry,7.5,7.67,7.5,7.5,7.58,7.58,10.0,10.0,10.0,7.83,0.0,83.17,11 %,0 full defects,0,Green,4 full defects,,"August 7th, 2021",Asociacion Nacional Del Café,"5a Calle 0-50, Zona 14 Guatemala City, Guatemala 1014",Brayan Cifuentes -
0,Peru,,30/543/1188,ED&F Man Volcafe Peru's dry mill in Jaen,30/543/1188,"Volcafe Limited, Japan",1200-1900,Huabal,various farmers,275,69 kg,Japan Coffee Exchange,2020,"January 27th, 2021",Volcafe Japan,Caturra,Completed,Washed / Wet,7.67,7.42,7.58,7.42,7.75,7.67,10.0,10.0,10.0,7.58,0.0,83.08,11.5 %,0 full defects,0,Green,2 full defects,,"January 27th, 2022",Japan Coffee Exchange,"〒413-0002 静岡県熱海市伊豆山１１７３−５８ 1173-58 Izusan, Atami, Shizuoka, 413-0002 JAPAN",松澤　宏樹　Koju Matsuzawa - +81(0)9085642901
0,Costa Rica,Beneficio Montañas del Diamante,11008,Beneficio Montañas del Diamante,5-0025-0150,"CECA,S.A.",1850,Tarrazu,Martin Gutierrez,275,69 kg,Specialty Coffee Association of Costa Rica,2021,"May 14th, 2021","CECA, S.A.",Caturra,Completed,Washed / Wet,7.5,7.83,7.42,7.67,7.5,7.58,10.0,10.0,10.0,7.58,0.0,83.08,10 %,0 full defects,3,Green,5 full defects,,"May 14th, 2022",Specialty Coffee Association of Costa Rica,"Blvd Rohrmoser, de Prisma Dental 200 norte y 25 oeste, casa 21",Noelia Villalobos - (506) 2220 0685
0,Thailand,Doi Tung Development Project,JAVA 62/63 (Coffea Arabica),Dry Mill,,Doi Tung Development Project,1420,Thailand,Doi Tung Development Project,1,2 kg,Specialty Coffee Association,2020 / 2021,"August 20th, 2020",Doi Tung Development Project,Java,Completed,Pulped natural / honey,7.83,7.75,7.58,7.67,7.58,7.5,9.33,10.0,10.0,7.83,0.0,83.08,10 %,0 full defects,0,Green,2 full defects,,"August 20th, 2021",Specialty Coffee Association,"117 W 4th St, Suite 300 Santa Ana, CA 92701",Jessica Rodriguez - 562-999-3164
0,Costa Rica,Beneficio Montañas del Diamante,10481,Beneficio Montañas del Diamante,5-0025-0284,"CECA,S.A.",1850,Tarrazú,Martín Gutierrez,300,35 kg,Specialty Coffee Association of Costa Rica,2020,"September 18th, 2020","CECA, S.A.",Caturra,Completed,Washed / Wet,7.75,7.67,7.25,7.58,7.67,7.58,10.0,10.0,10.0,7.58,0.0,83.08,10 %,0 full defects,0,Green,0 full defects,,"September 18th, 2021",Specialty Coffee Association of Costa Rica,"Blvd Rohrmoser, de Prisma Dental 200 norte y 25 oeste, casa 21",Noelia Villalobos - (506) 2220 0685
0,Guatemala,LAS ROSAS,415000557,,11-63-1257,"RETRILLAS DEL PACIFICO, S. A.",1500,HUEHUETENANGO,ROLANDO BELARMINO VILLATORO VILLATORO,275,69 kg,Asociacion Nacional Del Café,2020,"July 20th, 2020",Byron Gonzalez,Bourbon,Completed,Natural / Dry,7.58,7.75,7.25,7.58,7.5,7.58,10.0,10.0,10.0,7.67,0.0,82.92,10 %,0 full defects,1,Green,7 full defects,,"July 20th, 2021",Asociacion Nacional Del Café,"5a Calle 0-50, Zona 14 Guatemala City, Guatemala 1014",Brayan Cifuentes -
0,Honduras,Las Cuchillas,121,Dry Mill,13-111-091,Mercon Honduras,1450,COMAYAGUA,Nahun Maldonadp,275,69 kg,Instituto Hondureño del Café,2020,"April 24th, 2021",Juan Manuel Sanchez Silvestre,Caturra,Completed,Washed / Wet,7.67,7.5,7.33,7.58,7.67,7.58,10.0,10.0,10.0,7.5,0.0,82.83,11 %,0 full defects,0,Green,2 full defects,,"April 24th, 2022",Instituto Hondureño del Café,"Laboratorio de Control de Calidad de Café ( CNCC), 33 Calle, 1-2 Avenida, Sector El Cacao. San Pedro Sula, Cortes",Ramon Reyes - + 504 9693-9042
0,Guatemala,VARIAS FINCAS,11/15/53,VARIOS BENEFICIOS,11/15/53,"PETER SCHOENFELD, S. A.",1600,HUEHUETENANGO,VARIOS PRODUCTORES,100,29 kg,Asociacion Nacional Del Café,2021,"April 29th, 2021",Angelica Paola Citan Lopez,Caturra,Completed,Washed / Wet,7.5,7.75,7.42,7.5,7.67,7.42,10.0,10.0,10.0,7.58,0.0,82.83,10.8 %,0 full defects,1,Green,7 full defects,,"April 29th, 2022",Asociacion Nacional Del Café,"5a Calle 0-50, Zona 14 Guatemala City, Guatemala 1014",Brayan Cifuentes -
0,Colombia,Federación Nacional de Cafeteros de Colombia,3/01/15365,Federación Nacional de Cafeteros de Colombia,3/01/15365,"NIPPON COFFEE TRADING Co.,LTD.",1700,Huila,Federación Nacional de Cafeteros de Colombia,237,70 kg,Japan Coffee Exchange,2019,"December 28th, 2020",Yukinobu Ueda,Caturra,Completed,Washed / Wet,7.5,7.5,7.58,7.67,7.42,7.58,10.0,10.0,10.0,7.5,0.0,82.75,11.5 %,0 full defects,2,Green,0 full defects,,"December 28th, 2021",Japan Coffee Exchange,"〒413-0002 静岡県熱海市伊豆山１１７３−５８ 1173-58 Izusan, Atami, Shizuoka, 413-0002 JAPAN",松澤　宏樹　Koju Matsuzawa - +81(0)9085642901
0,Indonesia,"Arsyad, Budi",#3609,PT. Royal Pacific Indah International,,"Volcafe Limited, Japan",1400,Gayo / Takengon,"Arsyad, Budi",300,60 kg,Japan Coffee Exchange,2020,"March 26th, 2021",Volcafe Japan,Mandheling,Completed,Washed / Wet,7.58,7.42,7.5,7.58,7.5,7.67,10.0,10.0,10.0,7.5,0.0,82.75,11.9 %,0 full defects,1,Bluish-Green,4 full defects,,"March 26th, 2022",Japan Coffee Exchange,"〒413-0002 静岡県熱海市伊豆山１１７３−５８ 1173-58 Izusan, Atami, Shizuoka, 413-0002 JAPAN",松澤　宏樹　Koju Matsuzawa - +81(0)9085642901
0,Mexico,Teresa,682,Exportadora de Cafe CAlifornia,VER-bc-000199 B07-2A-C23,Exportadora Café California,1700,Chiapas Villa Corzo,various,250,80 kg,Centro Agroecológico del Café A.C.,2020,"March 23rd, 2021",ANDREAS KUSSMAUL,Caturra,Completed,Washed / Wet,7.75,7.58,7.33,7.58,7.5,7.5,10.0,10.0,10.0,7.5,0.0,82.75,12.3 %,0 full defects,0,Green,9 full defects,,"March 23rd, 2022",Centro Agroecológico del Café A.C.,"Instituto de Ecología A. C., Campus III Edificio A Planta Baja Carretera Antigua a Coatepec No. 351 Col. El Haya C.P. 91070 Xalapa, Veracruz, México.",Stephany Escamilla Femat - Tel. +52 228 8421800 Ext. 3092
0,Brazil,CAFEBRASCOMERCIO DE CAFÉS,CB 830/20,DRY MILL,,cafebras comércio de cafes do brasil,-900,CERRADO MINEIRO,CAFRBRAS COMERCIO DE CAFÉS,300,60 kg,Brazil Specialty Coffee Association,2020,"September 18th, 2020",João Batista Jarduli,Mundo Novo,Completed,Natural / Dry,7.58,7.5,7.0,7.83,7.67,7.5,10.0,10.0,10.0,7.67,0.0,82.75,11 %,0 full defects,0,Bluish-Green,0 full defects,,"September 18th, 2021",Brazil Specialty Coffee Association,"Rua Gaspar Batista Paiva, 416 – Santa Luiza Varginha/MG – Brazil",Chris Allen - 55 35 3212-4705
0,Brazil,Group BSC,43106613 - P-7968,Dry Mill,002/4542/0044,BOURBON SPECIALTY COFFEES,1100,Mogiana,Group BSC,327,59 kg,Brazil Specialty Coffee Association,2020 / 2021,"October 13th, 2020",BOURBON SPECIALTY COFFEES,Other,Completed,Natural / Dry,7.5,7.5,7.58,7.5,7.5,7.5,10.0,10.0,10.0,7.58,0.0,82.67,11.5 %,0 full defects,2,Bluish-Green,5 full defects,,"October 13th, 2021",Brazil Specialty Coffee Association,"Rua Gaspar Batista Paiva, 416 – Santa Luiza Varginha/MG – Brazil",Chris Allen - 55 35 3212-4705
0,Colombia,PITALITO,10058,Pitalito,,Mr.Brown Cafe,1574,HUILA,ALMACAFE,275,70 kg,Blossom Valley International宸嶧國際,2020,"January 21st, 2021",MR.BROWN CAFE,Caturra,Completed,Washed / Wet,7.5,7.58,7.42,7.67,7.42,7.5,10.0,10.0,10.0,7.58,0.0,82.67,10.5 %,0 full defects,0,Greenish,0 full defects,,"January 21st, 2022",Blossom Valley International宸嶧國際,No.72 Mo-Fan St. Taiwan Zip: 403,Damon Chen陳嘉峻 - +886423022323
0,Costa Rica,Beneficio Montañas del Diamante,11009-01,Beneficio Montañas del Diamante,5-0025-0080,"CECA,S.A.",1850,Tarrazu,Martin Gutierrez,90,35 kg,Specialty Coffee Association of Costa Rica,2021,"April 8th, 2021","CECA, S.A.",Caturra,Completed,Washed / Wet,7.67,7.58,7.25,7.67,7.33,7.58,10.0,10.0,10.0,7.58,0.0,82.67,9.9 %,0 full defects,1,Green,5 full defects,,"April 8th, 2022",Specialty Coffee Association of Costa Rica,"Blvd Rohrmoser, de Prisma Dental 200 norte y 25 oeste, casa 21",Noelia Villalobos - (506) 2220 0685
0,Honduras,La cuesta,366,Dry Mill,13-111-208,Mercon Honduras,1500,San Andres Lempira,Bernardina SDanchez,92,30 kg,Instituto Hondureño del Café,2019,"September 23rd, 2020",Juan Manuel Sanchez Silvestre,Catuai,Completed,Washed / Wet,7.75,7.58,7.33,7.5,7.5,7.42,10.0,10.0,10.0,7.5,0.0,82.58,10 %,0 full defects,0,Green,2 full defects,,"September 23rd, 2021",Instituto Hondureño del Café,"Laboratorio de Control de Calidad de Café ( CNCC), 33 Calle, 1-2 Avenida, Sector El Cacao. San Pedro Sula, Cortes",Ramon Reyes - + 504 9693-9042
0,Indonesia,"Pondokbaru, Benermeriah",ptraas no.2,"Pondokbaru, Benermeriah",15/3515/57 & 15/3515/58,PT Rajawali Artha Agro Sejahtera (PTRAAS),1200,Sumatra,PT. Rajawali Artha Agro Sejahtera,320,60 kg,Specialty Coffee Association of Indonesia,2020,"June 22nd, 2020",PTRAAS,Mandheling,Completed,Washed / Wet,7.5,7.75,7.17,7.75,7.42,7.42,10.0,10.0,10.0,7.58,0.0,82.58,12 %,0 full defects,4,Green,7 full defects,,"June 22nd, 2021",Specialty Coffee Association of Indonesia,"Ministry of Agriculture Republic Indonesia, Build C 5th Floor wing B Room 515 . Jl. Harsono RM No. 3, Ragunan, South Jakarta, Jakarta",Mahardini Farizki - 081284251303 / 085780031543
0,Mexico,FINCA IXHUATLAN,100,CAFES TOMARI S.A DE C.V.,,Centro Agroecológico del Café A. C.,1350,Veracruz,CAFES TOMARI S.A DE C.V,275,69 kg,Centro Agroecológico del Café A.C.,2021,"March 19th, 2021",CAFES TOMARI SA DE CV,Bourbon,Completed,Washed / Wet,7.75,7.58,7.25,7.58,7.5,7.5,10.0,10.0,10.0,7.42,0.0,82.58,11.6 %,0 full defects,0,Green,1 full defects,,"March 19th, 2022",Centro Agroecológico del Café A.C.,"Instituto de Ecología A. C., Campus III Edificio A Planta Baja Carretera Antigua a Coatepec No. 351 Col. El Haya C.P. 91070 Xalapa, Veracruz, México.",Stephany Escamilla Femat - Tel. +52 228 8421800 Ext. 3092
0,Guatemala,FINCA MEDINA,11/11711/58,FINCA MEDINA,11/11711/58,"SIEMBRAS VISION, S. A.",1650,ANTIGUA,"SIEMBRAS VISION, S. A.",250,69 kg,Asociacion Nacional Del Café,2021,"April 29th, 2021",Angelica Paola Citan Lopez,Caturra,Completed,Washed / Wet,7.5,7.58,7.33,7.5,7.67,7.5,10.0,10.0,10.0,7.5,0.0,82.58,9.9 %,0 full defects,1,Green,4 full defects,,"April 29th, 2022",Asociacion Nacional Del Café,"5a Calle 0-50, Zona 14 Guatemala City, Guatemala 1014",Brayan Cifuentes -
0,Ecuador,Various,001 Sumitomo,Agrogora Ltda,Q-081,AGROGORA LTA & Asociación de Cafés Especiales del Ecuador,1200,"Andes Mountains (Imbabura, Loja, Zamora)",Several Producers of the Region,250,69 kg,ASOCIACIÓN COLOMBIANA PARA LA EXCELENCIA DEL CAFE,2020,"October 7th, 2020",Wilson Gonzalez Ramos,Other,Completed,Washed / Wet,7.58,7.92,7.25,7.33,7.58,7.42,10.0,10.0,10.0,7.42,0.0,82.5,10.5 %,0 full defects,0,Green,1 full defects,,"October 7th, 2021",ASOCIACIÓN COLOMBIANA PARA LA EXCELENCIA DEL CAFE,calle 70a #7-82 of. 602,Gabriela Salcedo - 3186238650
0,Brazil,CACHOEIRA DA GRAMA,43106720 - K28761,DRY MILL,002/4542/0108,BOURBON SPECIALTY COFFEES,1100,SUL DE MINAS,GABRIEL DE CARVALHO DIAS,300,59 kg,Brazil Specialty Coffee Association,2020 / 2021,"November 2nd, 2020",BOURBON SPECIALTY COFFEES,Yellow Bourbon,Completed,Pulped natural / honey,7.5,7.42,7.33,7.58,7.58,7.58,10.0,10.0,10.0,7.5,0.0,82.5,12 %,0 full defects,2,Green,6 full defects,,"November 2nd, 2021",Brazil Specialty Coffee Association,"Rua Gaspar Batista Paiva, 416 – Santa Luiza Varginha/MG – Brazil",Chris Allen - 55 35 3212-4705
0,Brazil,not specificated,002/1738/0120,dry mil of Cocapil cooperative,,Marubeni Corporation,1200-1300,Alta Mogiana,Cocapil cooperative,440,60 kg,Japan Coffee Exchange,2020 / 2021,"December 7th, 2020",Ikuto Uehara,Other,Completed,Natural / Dry,7.67,7.42,7.5,7.42,7.5,7.5,10.0,10.0,10.0,7.5,0.0,82.5,11.5 %,0 full defects,2,Yellow Green,0 full defects,,"December 7th, 2021",Japan Coffee Exchange,"〒413-0002 静岡県熱海市伊豆山１１７３−５８ 1173-58 Izusan, Atami, Shizuoka, 413-0002 JAPAN",松澤　宏樹　Koju Matsuzawa - +81(0)9085642901
0,Guatemala,Not Specificated,11/63/311,Dry Mill of Exportcafe,,Marubeni Corporation,1300-1800,Guatemala Huehuetenango,"Exportcafe, S.A.",275,69 kg,Japan Coffee Exchange,2020,"September 1st, 2020",Ikuto Uehara,Other,Completed,Washed / Wet,7.5,7.42,7.5,7.5,7.5,7.58,10.0,10.0,10.0,7.5,0.0,82.5,12 %,0 full defects,1,Green,2 full defects,,"September 1st, 2021",Japan Coffee Exchange,"〒413-0002 静岡県熱海市伊豆山１１７３−５８ 1173-58 Izusan, Atami, Shizuoka, 413-0002 JAPAN",松澤　宏樹　Koju Matsuzawa - +81(0)9085642901
0,Nicaragua,Finca Aurora,1,Beneficio - Finca Aurora,,MR.BROWN CAFE,1200,"Matagalpa, Nicaragua",Enrique Ferrufino,280,69 kg,Blossom Valley International宸嶧國際,2020 / 2021,"November 7th, 2020",MR.BROWN CAFE,Caturra,Completed,Washed / Wet,7.58,7.5,7.33,7.67,7.25,7.5,10.0,10.0,10.0,7.5,0.0,82.33,10.5 %,0 full defects,0,yellow-green,0 full defects,,"November 7th, 2021",Blossom Valley International宸嶧國際,No.72 Mo-Fan St. Taiwan Zip: 403,Damon Chen陳嘉峻 - +886423022323
0,Brazil,Fazenda Cachoeira,S012895-2,DRY MILL,002/1145/1175,Olam Agricola,1150,Cerrado,Danilo Barbosa,1280,76800 kg,Brazil Specialty Coffee Association,2020,"January 20th, 2021",Welson de Lacerda Barbosa,Catuai,Completed,Natural / Dry,7.5,7.42,7.25,7.5,7.67,7.5,10.0,10.0,10.0,7.5,0.0,82.33,11.5 %,0 full defects,0,Green,4 full defects,,"January 20th, 2022",Brazil Specialty Coffee Association,"Rua Gaspar Batista Paiva, 416 – Santa Luiza Varginha/MG – Brazil",Chris Allen - 55 35 3212-4705
0,Brazil,Fazenda Cachoeira,S012895-2,DRY MILL,002/1145/1175,Olam Agricola,1150,Cerrado,Danilo Barbosa,1280,76800 kg,Brazil Specialty Coffee Association,2020,"January 20th, 2021",Welson de Lacerda Barbosa,Catuai,Completed,Natural / Dry,7.5,7.42,7.25,7.5,7.67,7.5,10.0,10.0,10.0,7.5,0.0,82.33,11.5 %,0 full defects,0,Green,4 full defects,,"January 20th, 2022",Brazil Specialty Coffee Association,"Rua Gaspar Batista Paiva, 416 – Santa Luiza Varginha/MG – Brazil",Chris Allen - 55 35 3212-4705
